,광역시도,시도,20-39세여자,20-39세합계,65세 이상합계,인구수남자,인구수여자,인구수합계,소멸비율,소멸위기지역,ID
0,강원도,강릉시,23098.0,49384.0,37679.0,106231.0,107615.0,213846.0,1.2260410308129197,False,강릉
1,강원도,고성군,2529.0,7023.0,7151.0,15899.0,14215.0,30114.0,0.7073136624248357,True,고성(강원)
2,강원도,동해시,9753.0,21264.0,15124.0,47166.0,46131.0,93297.0,1.2897381645067445,False,동해
3,강원도,삼척시,7115.0,15823.0,14610.0,35253.0,34346.0,69599.0,0.973990417522245,True,삼척
4,강원도,속초시,8752.0,18708.0,12752.0,40288.0,41505.0,81793.0,1.3726474278544545,False,속초
5,강원도,양구군,2481.0,6849.0,4108.0,12918.0,11092.0,24010.0,1.2078870496592016,False,양구
6,강원도,양양군,2171.0,5087.0,6981.0,13838.0,13380.0,27218.0,0.6219739292364991,True,양양
7,강원도,영월군,3134.0,7159.0,9915.0,20652.0,19421.0,40073.0,0.632173474533535,True,영월
8,강원도,원주시,43164.0,88919.0,42246.0,167854.0,170125.0,337979.0,2.0434597358329785,False,원주
9,강원도,인제군,3449.0,8961.0,5602.0,17677.0,15043.0,32720.0,1.231345947875759,False,인제
10,강원도,정선군,3297.0,7435.0,9008.0,19975.0,18743.0,38718.0,0.7320159857904085,True,정선
11,강원도,철원군,4714.0,12632.0,9112.0,25429.0,22584.0,48013.0,1.034679543459175,False,철원
12,강원도,춘천시,35422.0,72595.0,41699.0,138251.0,142456.0,280707.0,1.6989376244034629,False,춘천
13,강원도,태백시,4643.0,9976.0,9266.0,23899.0,23171.0,47070.0,1.002158428663933,False,태백
14,강원도,평창군,3585.0,7962.0,9837.0,22126.0,21192.0,43318.0,0.7288807563281489,True,평창
15,강원도,홍천군,6258.0,14158.0,14933.0,35738.0,34338.0,70076.0,0.8381437085649234,True,홍천
16,강원도,화천군,2643.0,8040.0,4806.0,14554.0,11710.0,26264.0,1.0998751560549314,False,화천
17,강원도,횡성군,3789.0,8301.0,11323.0,23398.0,22593.0,45991.0,0.6692572639759781,True,횡성
18,경기도,가평군,5771.0,12795.0,13569.0,31981.0,30467.0,62448.0,0.8506153732773233,True,가평
19,경기도,고양시,145020.0,288743.0,114092.0,510923.0,528761.0,1039684.0,2.5421589594362444,False,고양
20,경기도,과천시,8315.0,16897.0,7735.0,31013.0,32765.0,63778.0,2.149967679379444,False,과천
21,경기도,광명시,47807.0,97316.0,36549.0,168241.0,171243.0,339484.0,2.6160496867219347,False,광명
22,경기도,광주시,45073.0,94763.0,35203.0,168345.0,159378.0,327723.0,2.560747663551402,False,광주
23,경기도,구리시,26941.0,54673.0,20623.0,96397.0,97366.0,193763.0,2.6127139601415896,False,구리
24,경기도,군포시,41049.0,84232.0,28530.0,141647.0,143243.0,284890.0,2.877602523659306,False,군포
25,경기도,권선구,56279.0,116570.0,30924.0,180766.0,177627.0,358393.0,3.6398266718406416,False,수원 권선
26,경기도,기흥구,58658.0,115524.0,42832.0,206316.0,210847.0,417163.0,2.7389802017183413,False,용인 기흥
27,경기도,김포시,49660.0,99581.0,40505.0,182597.0,180846.0,363443.0,2.452042957659548,False,김포
28,경기도,남양주시,86835.0,174251.0,75986.0,330749.0,331405.0,662154.0,2.285552601795068,False,남양주
29,경기도,단원구,43619.0,93239.0,24530.0,161915.0,152087.0,314002.0,3.556379942927028,False,안산 단원
30,경기도,덕양구,61556.0,124693.0,54412.0,221496.0,224737.0,446233.0,2.262589134749688,False,고양 덕양
31,경기도,동두천시,11634.0,24201.0,16172.0,48970.0,49307.0,98277.0,1.4387830818698986,False,동두천
32,경기도,동안구,49730.0,100976.0,31371.0,170166.0,174895.0,345061.0,3.1704440406745085,False,안양 동안
33,경기도,만안구,36093.0,75611.0,30304.0,126793.0,125560.0,252353.0,2.382061774023231,False,안양 만안
34,경기도,부천시,125233.0,258286.0,86218.0,425101.0,426279.0,851380.0,2.9050314319515644,False,부천
35,경기도,분당구,77174.0,149581.0,50863.0,244502.0,259328.0,503830.0,3.0345830957670605,False,성남 분당
36,경기도,상록구,53671.0,113973.0,32620.0,191479.0,184378.0,375857.0,3.290680564071122,False,안산 상록
37,경기도,성남시,144389.0,292035.0,109744.0,483374.0,491206.0,974580.0,2.631378480828109,False,성남
38,경기도,소사구,41744.333333333336,86095.33333333333,28739.33333333333,141700.33333333334,142093.0,283793.3333333333,2.905031431951565,False,부천 소사
39,경기도,수원시,183461.0,380940.0,103992.0,601152.0,592889.0,1194041.0,3.528367566735903,False,수원
40,경기도,수정구,33210.0,70947.0,30078.0,118343.0,114498.0,232841.0,2.208258527827648,False,성남 수정
41,경기도,수지구,47997.0,92598.0,38388.0,170217.0,177616.0,347833.0,2.500625195373554,False,용인 수지
42,경기도,시흥시,53502.0,116371.0,31650.0,211392.0,191496.0,402888.0,3.38085308056872,False,시흥
43,경기도,안산시,97290.0,207212.0,57150.0,353394.0,336465.0,689859.0,3.4047244094488187,False,안산
44,경기도,안성시,22206.0,47656.0,26606.0,93389.0,89507.0,182896.0,1.6692475381492895,False,안성
45,경기도,안양시,85823.0,176587.0,61675.0,296959.0,300455.0,597414.0,2.7830725577624644,False,안양
46,경기도,양주시,24392.0,50529.0,26708.0,104235.0,101278.0,205513.0,1.826568818331586,False,양주
47,경기도,양평군,10611.0,22599.0,23614.0,56285.0,55082.0,111367.0,0.8987041585500127,True,양평
48,경기도,여주시,12220.0,25849.0,19778.0,56445.0,55118.0,111563.0,1.2357164526241278,False,여주
49,경기도,연천군,4411.0,10946.0,10162.0,24090.0,21817.0,45907.0,0.8681361936626648,True,연천
50,경기도,영통구,56425.0,115702.0,19142.0,171452.0,169202.0,340654.0,5.895413227457946,False,수원 영통
51,경기도,오산시,31887.0,67261.0,16015.0,107056.0,101600.0,208656.0,3.9821417421167657,False,오산
52,경기도,오정구,41744.333333333336,86095.33333333333,28739.33333333333,141700.33333333334,142093.0,283793.3333333333,2.905031431951565,False,부천 오정
53,경기도,용인시,135898.0,270176.0,108968.0,492374.0,498752.0,991126.0,2.494273548197636,False,용인
54,경기도,원미구,41744.333333333336,86095.33333333333,28739.33333333333,141700.33333333334,142093.0,283793.3333333333,2.905031431951565,False,부천 원미
55,경기도,의왕시,21551.0,44876.0,16912.0,78304.0,78459.0,156763.0,2.54860454115421,False,의왕
56,경기도,의정부시,58697.0,119573.0,55396.0,216400.0,222057.0,438457.0,2.119178280020218,False,의정부
57,경기도,이천시,28026.0,58577.0,25380.0,107044.0,103315.0,210359.0,2.2085106382978723,False,이천
58,경기도,일산동구,42571.0,83700.0,29216.0,142947.0,149665.0,292612.0,2.914225082146769,False,고양 일산동
59,경기도,일산서구,40893.0,80350.0,30464.0,146480.0,154359.0,300839.0,2.6846769957983194,False,고양 일산서
60,경기도,장안구,41481.0,87219.0,30116.0,148987.0,147492.0,296479.0,2.7547483065480143,False,수원 장안
61,경기도,중원구,34005.0,71507.0,28803.0,120529.0,117380.0,237909.0,2.361212373711072,False,성남 중원
62,경기도,처인구,29243.0,62054.0,27748.0,115841.0,110289.0,226130.0,2.1077555139109125,False,용인 처인
63,경기도,파주시,57352.0,120511.0,51980.0,218565.0,212216.0,430781.0,2.206694882647172,False,파주
64,경기도,팔달구,29276.0,61449.0,23810.0,99947.0,98568.0,198515.0,2.459134817303654,False,수원 팔달
65,경기도,평택시,62672.0,134045.0,53090.0,240345.0,230487.0,470832.0,2.3609719344509323,False,평택
66,경기도,포천시,16384.0,36354.0,24292.0,81291.0,73472.0,154763.0,1.3489214556232505,False,포천
67,경기도,하남시,30193.0,61832.0,23306.0,106472.0,104629.0,211101.0,2.591006607740496,False,하남
68,경기도,화성시,93228.0,193529.0,52875.0,330923.0,309967.0,640890.0,3.526354609929078,False,화성
69,경상남도,거제시,34744.0,77489.0,20932.0,135738.0,121445.0,257183.0,3.319701891840245,False,거제
70,경상남도,거창군,5609.0,12133.0,15591.0,30746.0,32562.0,63308.0,0.7195176704509012,True,거창
71,경상남도,고성군,4486.0,10345.0,14462.0,27452.0,27251.0,54703.0,0.6203844558152399,True,고성(경남)
72,경상남도,김해시,68849.0,143089.0,47975.0,267513.0,261909.0,529422.0,2.8702032308494005,False,김해
73,경상남도,남해군,2932.0,6647.0,15692.0,21566.0,23563.0,45129.0,0.3736936018353301,True,남해
74,경상남도,마산합포구,21300.0,46336.0,30525.0,90716.0,91081.0,181797.0,1.3955773955773956,False,창원 합포
75,경상남도,마산회원구,25803.0,55452.0,26727.0,106469.0,104322.0,210791.0,1.9308564373105848,False,창원 회원
76,경상남도,밀양시,9647.0,21371.0,25611.0,52992.0,55362.0,108354.0,0.753348170707899,True,밀양
77,경상남도,사천시,11922.0,26503.0,21502.0,57698.0,57214.0,114912.0,1.1089201004557716,False,사천
78,경상남도,산청군,2461.0,5561.0,11638.0,17666.0,18432.0,36098.0,0.4229249011857707,True,산청
79,경상남도,성산구,32213.0,69577.0,13543.0,118468.0,113103.0,231571.0,4.757143911984051,False,창원 성산
80,경상남도,양산시,42205.0,87851.0,35131.0,159503.0,157534.0,317037.0,2.402721243346332,False,양산
81,경상남도,의령군,2069.0,4507.0,9450.0,13562.0,14549.0,28111.0,0.4378835978835979,True,의령
82,경상남도,의창구,33514.0,72756.0,24846.0,128719.0,123716.0,252435.0,2.697738066489576,False,창원 의창
83,경상남도,진주시,42443.0,89705.0,49318.0,171855.0,174884.0,346739.0,1.721197128837341,False,진주
84,경상남도,진해구,24315.0,52170.0,21567.0,95701.0,91612.0,187313.0,2.254833773821116,False,창원 진해
85,경상남도,창녕군,5291.0,12172.0,17149.0,31735.0,32247.0,63982.0,0.6170622193713919,True,창녕
86,경상남도,창원시,137145.0,296291.0,117208.0,540073.0,523834.0,1063907.0,2.340198621254522,False,창원
87,경상남도,통영시,15478.0,33197.0,20895.0,69769.0,68391.0,138160.0,1.4815027518545107,False,통영
88,경상남도,하동군,3779.0,8574.0,14514.0,24463.0,25159.0,49622.0,0.5207385972164806,True,하동
89,경상남도,함안군,6747.0,14482.0,13964.0,34819.0,34118.0,68937.0,0.966342022343168,True,함안
90,경상남도,함양군,3022.0,6520.0,12274.0,19244.0,20997.0,40241.0,0.4924230079843572,True,함양
91,경상남도,합천군,3180.0,7178.0,16972.0,22825.0,25201.0,48026.0,0.3747348574122083,True,합천
92,경상북도,경산시,33298.0,71899.0,36375.0,130060.0,127977.0,258037.0,1.8308178694158077,False,경산
93,경상북도,경주시,26564.0,58774.0,48789.0,129944.0,129508.0,259452.0,1.088933981020312,False,경주
94,경상북도,고령군,2789.0,6241.0,8889.0,17485.0,16772.0,34257.0,0.6275171560355496,True,고령
95,경상북도,구미시,63332.0,134262.0,31554.0,214600.0,205291.0,419891.0,4.014197882994232,False,구미
96,경상북도,군위군,1566.0,3578.0,8670.0,12156.0,12015.0,24171.0,0.3612456747404844,True,군위
97,경상북도,김천시,15254.0,33261.0,28488.0,71201.0,71055.0,142256.0,1.070907048581859,False,김천
98,경상북도,남구,28472.0,63040.0,31515.0,125811.0,118937.0,244748.0,1.8068856100269712,False,포항 남구
99,경상북도,문경시,6467.0,14007.0,19285.0,36537.0,38165.0,74702.0,0.6706766917293233,True,문경
100,경상북도,봉화군,2271.0,5122.0,10706.0,16667.0,16872.0,33539.0,0.4242480851858771,True,봉화
101,경상북도,북구,31791.0,67836.0,36781.0,135294.0,136733.0,272027.0,1.72866425600174,False,북
102,경상북도,상주시,8158.0,18194.0,27769.0,49824.0,51975.0,101799.0,0.5875616694875581,True,상주
103,경상북도,성주군,3660.0,8345.0,12398.0,23166.0,22039.0,45205.0,0.5904178093240845,True,성주
104,경상북도,안동시,17781.0,37608.0,34672.0,83341.0,85457.0,168798.0,1.0256691278264882,False,안동
105,경상북도,영덕군,2758.0,6114.0,12897.0,18607.0,20445.0,39052.0,0.4276963634953865,True,영덕
106,경상북도,영양군,1192.0,2654.0,5878.0,8724.0,8989.0,17713.0,0.4055801292956788,True,영양
107,경상북도,영주시,9630.0,21466.0,24577.0,54245.0,55002.0,109247.0,0.7836595190625382,True,영주
108,경상북도,영천시,8980.0,20301.0,25063.0,50644.0,49877.0,100521.0,0.7165941826596975,True,영천
109,경상북도,예천군,3494.0,7700.0,15043.0,22663.0,23503.0,46166.0,0.4645349996676194,True,예천
110,경상북도,울릉군,863.0,2115.0,2154.0,5430.0,4571.0,10001.0,0.8012999071494893,True,울릉
111,경상북도,울진군,4498.0,10189.0,12665.0,25847.0,25891.0,51738.0,0.7103039873667588,True,울진
112,경상북도,의성군,3326.0,7716.0,19896.0,26334.0,27680.0,54014.0,0.3343385605146763,True,의성
113,경상북도,청도군,3037.0,6860.0,14274.0,21278.0,22286.0,43564.0,0.425528933725655,True,청도
114,경상북도,청송군,1756.0,4164.0,8600.0,13008.0,13293.0,26301.0,0.4083720930232558,True,청송
115,경상북도,칠곡군,16831.0,36450.0,15479.0,64002.0,59197.0,123199.0,2.1746882873570645,False,칠곡
116,경상북도,포항시,60263.0,130876.0,68296.0,261105.0,255670.0,516775.0,1.764759283120534,False,포항
117,광주광역시,광산구,57338.0,116495.0,32067.0,202480.0,200569.0,403049.0,3.5761374621885427,False,광주 광산
118,광주광역시,남구,28859.0,58607.0,32184.0,106288.0,113441.0,219729.0,1.793375590355456,False,광주 남구
119,광주광역시,동구,12008.0,25478.0,19413.0,47823.0,47968.0,95791.0,1.2371091536599186,False,광주 동구
120,광주광역시,북구,60644.0,126306.0,53694.0,219300.0,221766.0,441066.0,2.258874362126122,False,광주 북구
121,광주광역시,서구,43352.0,87911.0,35214.0,152246.0,157333.0,309579.0,2.4622025330834325,False,광주 서구
122,대구광역시,남구,19722.0,41610.0,29974.0,76147.0,80286.0,156433.0,1.3159404817508509,False,대구 남구
123,대구광역시,달서구,77782.0,164114.0,62977.0,294121.0,297770.0,591891.0,2.4701716499674484,False,대구 달서
124,대구광역시,달성군,29407.0,62844.0,24215.0,111194.0,107074.0,218268.0,2.428825108403882,False,대구 달성
125,대구광역시,동구,44155.0,93937.0,55767.0,174663.0,176689.0,351352.0,1.5835529972923057,False,대구 동구
126,대구광역시,북구,56497.0,118892.0,51156.0,220247.0,220136.0,440383.0,2.2088122605363987,False,대구 북구
127,대구광역시,서구,22923.0,51430.0,33038.0,100760.0,98747.0,199507.0,1.3876747987166294,False,대구 서구
128,대구광역시,수성구,52594.0,108158.0,56431.0,218317.0,228694.0,447011.0,1.8640109159858944,False,대구 수성
129,대구광역시,중구,11124.0,22710.0,15343.0,38720.0,40992.0,79712.0,1.4500423645962328,False,대구 중구
130,대전광역시,대덕구,24229.0,52136.0,22783.0,97879.0,94809.0,192688.0,2.1269367510863364,False,대전 대덕
131,대전광역시,동구,29621.0,63636.0,35763.0,118911.0,116048.0,234959.0,1.6565165114783436,False,대전 동구
132,대전광역시,서구,72077.0,146089.0,49080.0,242044.0,248967.0,491011.0,2.937123064384678,False,대전 서구
133,대전광역시,유성구,51790.0,107801.0,25474.0,173072.0,170150.0,343222.0,4.066106618512993,False,대전 유성
134,대전광역시,중구,32108.0,66013.0,38468.0,125383.0,127107.0,252490.0,1.6693355516273267,False,대전 중구
135,부산광역시,강서구,16329.0,34216.0,12348.0,56287.0,52622.0,108909.0,2.6448007774538387,False,부산 강서
136,부산광역시,금정구,30945.0,65802.0,39482.0,120291.0,124333.0,244624.0,1.567549769515222,False,부산 금정
137,부산광역시,기장군,21569.0,43592.0,21056.0,78373.0,80154.0,158527.0,2.048727203647416,False,부산 기장
138,부산광역시,남구,34852.0,72464.0,45778.0,137096.0,141683.0,278779.0,1.5226528026562978,False,부산 남구
139,부산광역시,동구,9778.0,21217.0,20334.0,44516.0,45310.0,89826.0,0.961738959378381,True,부산 동구
140,부산광역시,동래구,34291.0,71076.0,40349.0,133890.0,138855.0,272745.0,1.6997199434930237,False,부산 동래
141,부산광역시,부산진구,52863.0,107863.0,60541.0,184213.0,192313.0,376526.0,1.7463537107084457,False,부산 부산진
142,부산광역시,북구,40630.0,85531.0,38522.0,154276.0,155926.0,310202.0,2.1094439541041483,False,부산 북구
143,부산광역시,사상구,30196.0,65246.0,30561.0,118419.0,114381.0,232800.0,1.9761133470763392,False,부산 사상
144,부산광역시,사하구,42333.0,90495.0,46778.0,167290.0,167313.0,334603.0,1.809953396895977,False,부산 사하
145,부산광역시,서구,13204.0,27370.0,23906.0,55469.0,57504.0,112973.0,1.1046599180122143,False,부산 서구
146,부산광역시,수영구,25153.0,50404.0,30831.0,85573.0,93751.0,179324.0,1.6316694236320586,False,부산 수영
147,부산광역시,연제구,27040.0,55185.0,31832.0,101330.0,105938.0,207268.0,1.6989193264639355,False,부산 연제
148,부산광역시,영도구,13183.0,28800.0,27192.0,62596.0,63766.0,126362.0,0.9696234186525448,True,부산 영도
149,부산광역시,중구,5300.0,11234.0,9700.0,22174.0,23034.0,45208.0,1.092783505154639,False,부산 중구
150,부산광역시,해운대구,53853.0,108220.0,56854.0,203814.0,216039.0,419853.0,1.8944313504766597,False,부산 해운대
151,서울특별시,강남구,94421.0,177897.0,61822.0,271604.0,295511.0,567115.0,3.054608391834622,False,서울 강남
152,서울특별시,강동구,65184.0,133231.0,53121.0,221118.0,223050.0,444168.0,2.454170666967866,False,서울 강동
153,서울특별시,강북구,44053.0,90832.0,53964.0,160861.0,166334.0,327195.0,1.632681046623675,False,서울 강북
154,서울특별시,강서구,96755.0,192884.0,70889.0,290478.0,305007.0,595485.0,2.729760611660484,False,서울 강서
155,서울특별시,관악구,91299.0,192261.0,66659.0,256143.0,250708.0,506851.0,2.7392850177770445,False,서울 관악
156,서울특별시,광진구,61477.0,121258.0,41292.0,174797.0,182418.0,357215.0,2.9776712196067034,False,서울 광진
157,서울특별시,구로구,63925.0,128841.0,55159.0,207667.0,209884.0,417551.0,2.317844776011168,False,서울 구로
158,서울특별시,금천구,33146.0,71323.0,31976.0,119885.0,115501.0,235386.0,2.073179884913685,False,서울 금천
159,서울특별시,노원구,77491.0,156929.0,70819.0,276333.0,291248.0,567581.0,2.1884240105056554,False,서울 노원
160,서울특별시,도봉구,46810.0,96133.0,50466.0,171238.0,176982.0,348220.0,1.8551103713391195,False,서울 도봉
161,서울특별시,동대문구,52791.0,109441.0,53301.0,177640.0,177429.0,355069.0,1.9808633984353012,False,서울 동대문
162,서울특별시,동작구,66487.0,133589.0,55052.0,196267.0,204730.0,400997.0,2.4154254159703554,False,서울 동작
163,서울특별시,마포구,66859.0,127897.0,48060.0,182162.0,197730.0,379892.0,2.782313774448606,False,서울 마포
164,서울특별시,서대문구,47754.0,95337.0,47303.0,152510.0,161684.0,314194.0,2.019068558019576,False,서울 서대문
165,서울특별시,서초구,71132.0,134071.0,50906.0,214673.0,232519.0,447192.0,2.794641103209838,False,서울 서초
166,서울특별시,성동구,47379.0,95682.0,39140.0,148326.0,150933.0,299259.0,2.42100153295861,False,서울 성동
167,서울특별시,성북구,66069.0,131558.0,63878.0,219951.0,230404.0,450355.0,2.068599517830865,False,서울 성북
168,서울특별시,송파구,106049.0,206243.0,70918.0,320557.0,337274.0,657831.0,2.990749880143264,False,서울 송파
169,서울특별시,양천구,65336.0,131503.0,51957.0,236290.0,241449.0,477739.0,2.51500279076929,False,서울 양천
170,서울특별시,영등포구,59868.0,120136.0,51186.0,185200.0,185413.0,370613.0,2.3392333841284727,False,서울 영등포
171,서울특별시,용산구,35249.0,69448.0,35547.0,111601.0,118640.0,230241.0,1.983233465552649,False,서울 용산
172,서울특별시,은평구,70822.0,141195.0,71304.0,239183.0,252293.0,491476.0,1.9864804218557164,False,서울 은평
173,서울특별시,종로구,22111.0,44333.0,24950.0,75201.0,77536.0,152737.0,1.7724248496993988,False,서울 종로
174,서울특별시,중구,18837.0,38184.0,20388.0,62204.0,63045.0,125249.0,1.847851677457328,False,서울 중구
175,서울특별시,중랑구,60154.0,123469.0,55842.0,204900.0,206105.0,411005.0,2.1544357293793204,False,서울 중랑
176,세종특별자치시,세종특별자치시,36648.0,72474.0,24197.0,121505.0,121543.0,243048.0,3.0291358432863578,False,세종
177,울산광역시,남구,45562.0,98473.0,29400.0,173960.0,166754.0,340714.0,3.099455782312925,False,울산 남구
178,울산광역시,동구,23973.0,55245.0,14370.0,92144.0,82370.0,174514.0,3.336534446764092,False,울산 동구
179,울산광역시,북구,27298.0,58534.0,12985.0,101096.0,94189.0,195285.0,4.204543704274163,False,울산 북구
180,울산광역시,울주군,25605.0,55789.0,25931.0,112895.0,106360.0,219255.0,1.974856349543018,False,울산 울주
181,울산광역시,중구,31292.0,67807.0,26082.0,123702.0,118834.0,242536.0,2.39950924008895,False,울산 중구
182,인천광역시,강화군,5183.0,11724.0,19600.0,34170.0,33840.0,68010.0,0.5288775510204081,True,인천 강화
183,인천광역시,계양구,48069.0,98958.0,29762.0,165301.0,164983.0,330284.0,3.2302264632753177,False,인천 계양
184,인천광역시,남구,57113.0,122018.0,57437.0,210433.0,206670.0,417103.0,1.9887180737155488,False,인천 남구
185,인천광역시,남동구,76870.0,157718.0,53961.0,264714.0,266268.0,530982.0,2.8490947165545486,False,인천 남동
186,인천광역시,동구,8463.0,17957.0,12639.0,35833.0,35181.0,71014.0,1.3391882269166864,False,인천 동구
187,인천광역시,부평구,80691.0,165780.0,60940.0,273356.0,276360.0,549716.0,2.648211355431572,False,인천 부평
188,인천광역시,서구,73493.0,150553.0,42719.0,258117.0,252616.0,510733.0,3.440764062829186,False,인천 서구
189,인천광역시,연수구,47035.0,95309.0,26893.0,163753.0,164874.0,328627.0,3.4979362659428106,False,인천 연수
190,인천광역시,옹진군,1739.0,5346.0,4567.0,12155.0,9196.0,21351.0,0.7615502518064375,True,인천 옹진
191,인천광역시,중구,14731.0,31402.0,15737.0,59839.0,55410.0,115249.0,1.8721484399822077,False,인천 중구
192,전라남도,강진군,3162.0,6630.0,11655.0,18127.0,19626.0,37753.0,0.5425997425997426,True,강진
193,전라남도,고흥군,4387.0,9582.0,25364.0,32556.0,35100.0,67656.0,0.3459233559375493,True,고흥
194,전라남도,곡성군,2321.0,5081.0,9912.0,14786.0,15614.0,30400.0,0.468321226795803,True,곡성
195,전라남도,광양시,19307.0,41977.0,17026.0,80012.0,75568.0,155580.0,2.2679431457770467,False,광양
196,전라남도,구례군,2157.0,4702.0,8250.0,13342.0,14070.0,27412.0,0.5229090909090909,True,구례
197,전라남도,나주시,11876.0,24969.0,23489.0,52528.0,51848.0,104376.0,1.0111967303844354,False,나주
198,전라남도,담양군,4293.0,9210.0,13329.0,23723.0,23506.0,47229.0,0.6441593517893315,True,담양
199,전라남도,목포시,29543.0,61828.0,32445.0,118474.0,119265.0,237739.0,1.8211126521806131,False,목포
200,전라남도,무안군,8880.0,18552.0,16175.0,41153.0,40956.0,82109.0,1.097990726429675,False,무안
201,전라남도,보성군,3273.0,7190.0,15269.0,21503.0,22966.0,44469.0,0.4287117689436112,True,보성
202,전라남도,순천시,34101.0,71228.0,37961.0,138959.0,139589.0,278548.0,1.7966333868970783,False,순천
203,전라남도,신안군,2925.0,7448.0,13811.0,22555.0,20097.0,42652.0,0.4235754109043516,True,신안
204,전라남도,여수시,32787.0,71444.0,46632.0,146565.0,142423.0,288988.0,1.406201749871333,False,여수
205,전라남도,영광군,5077.0,11079.0,14773.0,27724.0,27894.0,55618.0,0.6873350030460976,True,영광
206,전라남도,영암군,5218.0,11928.0,13574.0,29253.0,27792.0,57045.0,0.7688227493738029,True,영암
207,전라남도,완도군,4184.0,9485.0,15623.0,26285.0,26383.0,52668.0,0.5356205594316072,True,완도
208,전라남도,장성군,4202.0,9060.0,12546.0,23275.0,22829.0,46104.0,0.6698549338434561,True,장성
209,전라남도,장흥군,3172.0,6994.0,12610.0,19670.0,20999.0,40669.0,0.5030927835051546,True,장흥
210,전라남도,진도군,2435.0,5438.0,10105.0,15701.0,16377.0,32078.0,0.4819396338446313,True,진도
211,전라남도,함평군,2529.0,5700.0,11302.0,17047.0,17350.0,34397.0,0.447531410369846,True,함평
212,전라남도,해남군,6448.0,13346.0,21549.0,36538.0,38583.0,75121.0,0.5984500440855725,True,해남
213,전라남도,화순군,6342.0,13044.0,15516.0,32113.0,33190.0,65303.0,0.8174787316318639,True,화순
214,전라북도,고창군,4926.0,11017.0,17857.0,29927.0,30670.0,60597.0,0.5517164137313099,True,고창
215,전라북도,군산시,32329.0,69517.0,42810.0,140793.0,136758.0,277551.0,1.51034804952114,False,군산
216,전라북도,김제시,7493.0,16491.0,24850.0,43527.0,44255.0,87782.0,0.6030583501006036,True,김제
217,전라북도,남원시,7551.0,16010.0,20711.0,41341.0,42847.0,84188.0,0.7291777316401912,True,남원
218,전라북도,덕진구,38843.0,79876.0,36231.0,144270.0,145629.0,289899.0,2.1441859181364027,False,전주 덕진
219,전라북도,무주군,1906.0,4217.0,7527.0,12371.0,12578.0,24949.0,0.5064434701740401,True,무주
220,전라북도,부안군,4679.0,10411.0,16469.0,28268.0,28737.0,57005.0,0.5682190782682616,True,부안
221,전라북도,순창군,2577.0,5258.0,9193.0,14427.0,15522.0,29949.0,0.5606439682367018,True,순창
222,전라북도,완산구,48028.0,97772.0,45324.0,176778.0,185067.0,361845.0,2.1193186832583177,False,전주 완산
223,전라북도,완주군,10560.0,22480.0,18813.0,48950.0,46530.0,95480.0,1.1226279700207304,False,완주
224,전라북도,익산시,35280.0,74968.0,48531.0,149740.0,150739.0,300479.0,1.4539160536564255,False,익산
225,전라북도,임실군,2354.0,5558.0,9552.0,15387.0,14810.0,30197.0,0.4928810720268006,True,임실
226,전라북도,장수군,1902.0,4177.0,6974.0,11681.0,11947.0,23628.0,0.5454545454545454,True,장수
227,전라북도,전주시,86871.0,177648.0,81555.0,321048.0,330696.0,651744.0,2.130366010667648,False,전주
228,전라북도,정읍시,10614.0,22997.0,28228.0,57008.0,58165.0,115173.0,0.752019271645175,True,정읍
229,전라북도,진안군,1998.0,4238.0,8133.0,13037.0,13032.0,26069.0,0.4913316119513095,True,진안
230,제주특별자치도,서귀포시,18676.0,39298.0,30030.0,86568.0,84364.0,170932.0,1.2438228438228438,False,서귀포
231,제주특별자치도,제주시,60255.0,124184.0,59159.0,235977.0,234688.0,470665.0,2.0370526885173854,False,제주
232,충청남도,계룡시,5071.0,10317.0,3847.0,21148.0,21486.0,42634.0,2.636340005198856,False,계룡
233,충청남도,공주시,10967.0,24195.0,24213.0,55221.0,54710.0,109931.0,0.9058770082187256,True,공주
234,충청남도,금산군,4454.0,9902.0,14606.0,27558.0,27054.0,54612.0,0.6098863480761331,True,금산
235,충청남도,논산시,11900.0,26011.0,28057.0,61724.0,61489.0,123213.0,0.8482731582136366,True,논산
236,충청남도,당진시,19356.0,44326.0,27445.0,87388.0,79242.0,166630.0,1.410530151211514,False,당진
237,충청남도,동남구,35222.0,73245.0,30187.0,131135.0,127784.0,258919.0,2.333587305793885,False,천안 동남
238,충청남도,보령시,9590.0,21904.0,22968.0,52521.0,51352.0,103873.0,0.8350748867990248,True,보령
239,충청남도,부여군,5348.0,12170.0,20772.0,34837.0,35350.0,70187.0,0.5149239360677835,True,부여
240,충청남도,서북구,57966.0,121489.0,26814.0,182987.0,176049.0,359036.0,4.323562318191989,False,천안 서북
241,충청남도,서산시,19196.0,42896.0,28030.0,87770.0,83018.0,170788.0,1.3696753478415984,False,서산
242,충청남도,서천군,4142.0,9361.0,17584.0,27539.0,28473.0,56012.0,0.4711101000909918,True,서천
243,충청남도,아산시,42296.0,89939.0,35067.0,155692.0,147237.0,302929.0,2.412296461060256,False,아산
244,충청남도,예산군,6665.0,15115.0,22006.0,40827.0,40512.0,81339.0,0.6057438880305371,True,예산
245,충청남도,천안시,93188.0,194734.0,57001.0,314122.0,303833.0,617955.0,3.269697022859248,False,천안
246,충청남도,청양군,2410.0,5617.0,10329.0,16389.0,16364.0,32753.0,0.4666473037080066,True,청양
247,충청남도,태안군,5271.0,12227.0,16868.0,32260.0,31640.0,63900.0,0.6249703580744606,True,태안
248,충청남도,홍성군,10428.0,22119.0,21315.0,49769.0,50202.0,99971.0,0.9784658691062632,True,홍성
249,충청북도,괴산군,2726.0,6332.0,11592.0,19773.0,19200.0,38973.0,0.4703243616287094,True,괴산
250,충청북도,단양군,2289.0,5196.0,7897.0,15362.0,15141.0,30503.0,0.5797138153729264,True,단양
251,충청북도,보은군,2498.0,5595.0,10187.0,17093.0,17128.0,34221.0,0.490428978109355,True,보은
252,충청북도,상당구,21071.0,44430.0,23576.0,86804.0,86897.0,173701.0,1.7874957583983713,False,청주 상당
253,충청북도,서원구,29168.0,60978.0,24187.0,107866.0,109254.0,217120.0,2.4118741472691942,False,청주 서원
254,충청북도,영동군,4217.0,9586.0,13750.0,25248.0,25304.0,50552.0,0.6133818181818181,True,영동
255,충청북도,옥천군,4445.0,9818.0,13255.0,26251.0,26016.0,52267.0,0.6706903055450774,True,옥천
256,충청북도,음성군,10179.0,22863.0,16906.0,51372.0,46415.0,97787.0,1.2041878622974092,False,음성
257,충청북도,제천시,14279.0,30842.0,24131.0,68444.0,68073.0,136517.0,1.183456964071112,False,제천
258,충청북도,증평군,4554.0,10085.0,5323.0,19110.0,18198.0,37308.0,1.7110651888033064,False,증평
259,충청북도,진천군,7622.0,17013.0,11306.0,36387.0,33563.0,69950.0,1.348310631523085,False,진천
260,충청북도,청원구,27805.0,60021.0,20331.0,97006.0,93807.0,190813.0,2.735231911858738,False,청주 청원
261,충청북도,청주시,115719.0,244037.0,91553.0,419323.0,415874.0,835197.0,2.527912793682348,False,청주
262,충청북도,충주시,22757.0,49357.0,34790.0,104877.0,103473.0,208350.0,1.3082494969818914,False,충주
263,충청북도,흥덕구,37675.0,78608.0,23459.0,127647.0,125916.0,253563.0,3.2119868707106014,False,청주 흥덕
