,Timestamp,Open,High,Low,Close,Volume (BTC),Volume (Currency),Weighted Price
0,2020-08-05 00:00:00,11193.48,11795.86,11094.35,11755.24,7514.79,86847559.79,11556.88
1,2020-08-06 00:00:00,11759.9,11913.5,11575.57,11770.08,9855.99,115864299.62,11755.72
2,2020-08-07 00:00:00,11770.26,11920.0,11219.0,11600.85,10503.36,122342727.37,11647.96
3,2020-08-08 00:00:00,11601.75,11817.95,11527.0,11776.9,3983.75,46582799.67,11693.21
4,2020-08-09 00:00:00,11767.93,11808.28,11527.92,11683.03,2649.49,30909847.9,11666.34
5,2020-08-10 00:00:00,11684.6,12080.0,11510.0,11895.12,7701.73,91514254.01,11882.3
6,2020-08-11 00:00:00,11896.37,11945.05,11130.0,11392.64,10470.69,120956546.54,11551.92
7,2020-08-12 00:00:00,11386.5,11625.0,11150.0,11565.35,5668.6,64989838.17,11464.88
8,2020-08-13 00:00:00,11567.74,11806.61,11270.91,11793.26,6839.55,78891169.32,11534.55
9,2020-08-14 00:00:00,11797.55,11862.0,11652.01,11779.77,5526.8,64934759.24,11749.08
10,2020-08-15 00:00:00,11771.97,11986.93,11667.7,11852.2,3983.18,47294347.31,11873.53
11,2020-08-16 00:00:00,11858.6,11938.55,11685.97,11914.02,2494.17,29525249.63,11837.71
12,2020-08-17 00:00:00,11916.83,12473.0,11771.44,12298.38,9778.33,118965074.54,12166.2
13,2020-08-18 00:00:00,12301.27,12408.53,11823.0,11958.1,8818.19,106555723.86,12083.63
14,2020-08-19 00:00:00,11950.0,12022.18,11574.4,11757.55,9401.5,110701736.98,11774.9
15,2020-08-20 00:00:00,11762.18,11894.12,11675.29,11859.37,4191.76,49473772.45,11802.63
16,2020-08-21 00:00:00,11857.18,11887.67,11485.49,11531.74,6391.18,74905546.02,11720.14
17,2020-08-22 00:00:00,11527.81,11694.02,11367.0,11667.7,3401.42,39269409.68,11545.0
18,2020-08-23 00:00:00,11678.17,11715.09,11524.7,11644.65,1632.87,18977422.92,11622.12
19,2020-08-24 00:00:00,11653.7,11832.55,11588.61,11761.8,2887.06,33911948.54,11746.2
20,2020-08-25 00:00:00,11750.4,11772.22,11112.75,11328.88,7073.69,80762613.33,11417.32
21,2020-08-26 00:00:00,11328.5,11549.8,11250.14,11469.3,4273.08,48637801.86,11382.38
22,2020-08-27 00:00:00,11462.91,11602.92,11122.72,11330.0,7796.16,88467523.2,11347.58
23,2020-08-28 00:00:00,11332.26,11555.61,11277.95,11536.58,6046.5,69254870.55,11453.72
24,2020-08-29 00:00:00,11538.74,11592.0,11423.64,11471.71,2095.94,24123105.95,11509.47
25,2020-08-30 00:00:00,11471.71,11715.69,11458.62,11708.97,2328.66,27068361.45,11624.02
26,2020-08-31 00:00:00,11713.11,11780.0,11573.39,11655.0,4534.22,52999207.96,11688.72
27,2020-09-01 00:00:00,11658.48,12065.82,11515.0,11923.96,7960.82,94697974.81,11895.5
28,2020-09-02 00:00:00,11919.53,11956.45,11155.32,11398.44,13056.07,149589893.22,11457.5
29,2020-09-03 00:00:00,11395.1,11477.35,9987.86,10160.0,18554.73,199600735.77,10757.4
30,2020-09-04 00:00:00,10160.0,10646.75,9902.43,10456.32,17415.36,180567453.37,10368.29
31,2020-09-05 00:00:00,10460.2,10567.9,9850.0,10167.19,12165.47,124026091.02,10194.93
32,2020-09-06 00:00:00,10165.47,10353.39,10000.0,10260.17,5121.25,52194906.94,10191.83
33,2020-09-07 00:00:00,10258.43,10415.66,9880.0,10377.14,8725.09,88189272.89,10107.55
34,2020-09-08 00:00:00,10377.5,10446.18,9825.07,10123.96,10560.87,106644193.93,10098.05
35,2020-09-09 00:00:00,10126.01,10353.39,9981.38,10232.8,5872.22,59881808.62,10197.47
36,2020-09-10 00:00:00,10221.76,10495.75,10220.0,10342.59,10223.19,105719876.58,10341.18
37,2020-09-11 00:00:00,10341.38,10409.44,10200.5,10393.04,5245.74,54033653.85,10300.48
38,2020-09-12 00:00:00,10400.46,10482.42,10275.0,10443.33,2509.24,26026019.88,10372.07
39,2020-09-13 00:00:00,10446.4,10576.78,10214.9,10334.78,4325.11,44764868.74,10350.01
40,2020-09-14 00:00:00,10338.82,10765.03,10250.13,10675.15,7325.23,77266025.82,10547.93
41,2020-09-15 00:00:00,10671.4,10940.01,10611.17,10783.83,6456.66,69707532.15,10796.22
42,2020-09-16 00:00:00,10785.0,11100.0,10662.81,10951.54,8300.24,90789916.42,10938.23
43,2020-09-17 00:00:00,10950.15,11054.0,10739.23,10940.47,5525.72,60068052.25,10870.63
44,2020-09-18 00:00:00,10947.35,11040.18,10816.54,10931.2,4398.92,48037947.48,10920.38
45,2020-09-19 00:00:00,10935.49,11183.01,10890.53,11077.22,2253.35,24883441.33,11042.86
46,2020-09-20 00:00:00,11070.84,11079.25,10755.9,10923.5,3250.02,35438004.62,10903.94
47,2020-09-21 00:00:00,10921.53,10996.98,10286.56,10411.29,9948.02,105170547.94,10572.01
48,2020-09-22 00:00:00,10418.83,10573.05,10353.39,10534.31,4800.6,50241913.21,10465.76
49,2020-09-23 00:00:00,10525.72,10541.39,10138.3,10233.42,5711.36,59279113.12,10379.16
50,2020-09-24 00:00:00,10236.86,10795.53,10193.2,10744.02,6703.92,70427765.15,10505.46
51,2020-09-25 00:00:00,10738.46,10762.65,10553.14,10689.81,6346.72,67663104.89,10661.11
52,2020-09-26 00:00:00,10694.23,10830.0,10655.29,10729.09,2550.32,27347735.93,10723.27
53,2020-09-27 00:00:00,10731.09,10807.14,10593.58,10780.66,2286.86,24496017.09,10711.63
54,2020-09-28 00:00:00,10779.99,10950.0,10628.52,10689.48,4991.57,54261165.88,10870.56
55,2020-09-29 00:00:00,10681.41,10865.0,10636.66,10836.42,4029.39,43240291.78,10731.22
56,2020-09-30 00:00:00,10840.0,10847.5,10658.56,10778.22,4304.62,46247317.6,10743.64
57,2020-10-01 00:00:00,10780.83,10940.22,10437.08,10622.71,8678.35,92766078.67,10689.37
58,2020-10-02 00:00:00,10611.17,10667.53,10380.0,10578.54,8333.46,87627773.65,10515.17
59,2020-10-03 00:00:00,10571.6,10605.79,10500.0,10553.66,1134.8,11975845.62,10553.29
60,2020-10-04 00:00:00,10543.17,10699.88,10524.81,10669.63,1057.78,11238120.45,10624.3
61,2020-10-05 00:00:00,10666.16,10805.82,10620.71,10795.0,3618.02,38756784.1,10712.17
62,2020-10-06 00:00:00,10797.36,10801.86,10525.0,10606.33,4800.7,51103858.73,10645.1
63,2020-10-07 00:00:00,10602.31,10682.56,10547.71,10669.14,5560.25,59068239.87,10623.31
64,2020-10-08 00:00:00,10669.1,10957.0,10535.06,10925.2,6969.04,75109562.94,10777.6
65,2020-10-09 00:00:00,10927.02,11118.49,10826.4,11052.0,5355.34,58978316.71,11012.99
66,2020-10-10 00:00:00,11060.46,11496.06,11059.62,11301.2,3270.37,37090500.87,11341.38
67,2020-10-11 00:00:00,11300.97,11447.44,11272.11,11372.93,2177.65,24760115.52,11370.1
68,2020-10-12 00:00:00,11372.48,11731.7,11175.99,11535.98,7088.23,81272304.47,11465.81
69,2020-10-13 00:00:00,11539.42,11567.4,11314.53,11427.98,5097.96,58286126.94,11433.22
70,2020-10-14 00:00:00,11440.28,11555.1,11287.42,11428.84,3788.25,43215383.86,11407.74
71,2020-10-15 00:00:00,11430.49,11623.6,11250.01,11511.11,4864.43,55519244.9,11413.31
72,2020-10-16 00:00:00,11506.53,11548.65,11200.0,11321.86,4309.22,48847324.61,11335.53
73,2020-10-17 00:00:00,11331.88,11415.48,11264.01,11365.8,1124.42,12751808.46,11340.79
74,2020-10-18 00:00:00,11363.4,11526.34,11352.79,11519.97,1047.17,11987530.53,11447.56
75,2020-10-19 00:00:00,11518.58,11840.0,11409.94,11764.14,5459.93,63658430.8,11659.19
76,2020-10-20 00:00:00,11759.2,12059.94,11680.0,11921.11,5859.84,69612470.31,11879.59
77,2020-10-21 00:00:00,11921.33,13235.0,11899.1,12802.67,20093.61,252863284.87,12584.26
78,2020-10-22 00:00:00,12802.63,13208.25,12686.73,12983.26,9277.56,120267676.23,12963.28
79,2020-10-23 00:00:00,12983.26,13037.26,12729.82,12941.59,4996.4,64526705.98,12914.65
80,2020-10-24 00:00:00,12940.03,13182.83,12887.38,13122.73,2820.82,36821705.67,13053.53
81,2020-10-25 00:00:00,13115.18,13363.53,12903.74,13039.09,3658.6,47845374.45,13077.5
82,2020-10-26 00:00:00,13041.12,13250.0,12773.5,13066.73,5725.2,74788651.05,13063.07
83,2020-10-27 00:00:00,13065.1,13788.0,13057.09,13647.9,11242.75,151171567.91,13446.13
84,2020-10-28 00:00:00,13642.31,13864.89,12892.0,13274.73,10670.86,142691342.5,13372.05
85,2020-10-29 00:00:00,13275.82,13650.0,12993.0,13468.44,8894.96,118490203.35,13321.05
86,2020-10-30 00:00:00,13456.14,13675.56,13129.26,13562.13,8981.12,120405656.89,13406.53
87,2020-10-31 00:00:00,13569.42,14100.0,13420.97,13816.08,6337.39,87241558.79,13766.16
88,2020-11-01 00:00:00,13799.44,13907.47,13629.31,13762.0,2534.09,34875344.36,13762.5
89,2020-11-02 00:00:00,13762.0,13842.5,13220.0,13563.72,7065.41,95702657.74,13545.24
90,2020-11-03 00:00:00,13578.82,14083.76,13287.7,14041.58,7225.87,98510026.22,13632.97
91,2020-11-04 00:00:00,14041.58,14277.5,13520.87,14160.59,10926.33,151965232.2,13908.17
92,2020-11-05 00:00:00,14168.49,15770.58,14100.0,15605.04,18422.63,275183510.53,14937.25
93,2020-11-06 00:00:00,15608.32,15968.98,15196.01,15598.09,13479.47,209882776.61,15570.55
94,2020-11-07 00:00:00,15603.28,15778.6,14351.0,14838.97,10933.92,164850613.39,15076.99
95,2020-11-08 00:00:00,14829.32,15664.9,14727.19,15489.15,5046.5,76984757.68,15255.08
96,2020-11-09 00:00:00,15484.68,15854.48,14824.66,15332.04,14466.08,222261730.9,15364.34
97,2020-11-10 00:00:00,15349.32,15482.76,15092.47,15313.65,8966.48,137414341.91,15325.34
98,2020-11-11 00:00:00,15314.94,15991.01,15290.85,15707.89,10013.26,156732759.25,15652.51
99,2020-11-12 00:00:00,15702.0,16369.99,15481.0,16300.0,16261.47,259198499.72,15939.42
100,2020-11-13 00:00:00,16300.0,16494.52,15970.33,16335.58,7843.22,127681269.23,16279.18
101,2020-11-14 00:00:00,16339.06,16341.89,15715.1,16086.34,5046.33,80655331.91,15982.98
102,2020-11-15 00:00:00,16092.8,16170.0,15786.46,15975.49,3225.71,51544809.35,15979.39
103,2020-11-16 00:00:00,15975.49,16894.93,15875.5,16724.62,7511.71,123266891.1,16409.95
104,2020-11-17 00:00:00,16727.85,17868.0,16570.0,17680.63,9824.74,169577027.74,17260.21
105,2020-11-18 00:00:00,17681.77,18483.0,17041.47,17785.95,15717.92,280945357.61,17874.21
106,2020-11-19 00:00:00,17792.96,18189.97,17346.62,17825.47,10506.7,186936815.96,17792.16
107,2020-11-20 00:00:00,17822.37,18824.88,17755.81,18687.65,10020.01,184068115.5,18370.05
108,2020-11-21 00:00:00,18685.08,18977.0,18333.45,18725.0,5937.51,111093107.9,18710.4
109,2020-11-22 00:00:00,18726.43,18770.55,17600.0,18435.2,6417.22,117382677.73,18291.83
110,2020-11-23 00:00:00,18432.6,18786.31,18001.95,18383.35,9412.09,173587680.28,18443.06
111,2020-11-24 00:00:00,18386.92,19442.13,18068.56,19160.85,13262.83,251204225.16,18940.47
112,2020-11-25 00:00:00,19175.13,19490.0,18470.91,18732.43,8962.62,170770460.46,19053.63
113,2020-11-26 00:00:00,18727.24,18911.04,16218.0,17160.09,21424.99,367461144.57,17151.06
114,2020-11-27 00:00:00,17168.31,17471.89,16435.47,17154.39,8964.83,151877681.86,16941.5
115,2020-11-28 00:00:00,17160.38,17896.03,16875.01,17741.79,4471.52,77855085.76,17411.32
116,2020-11-29 00:00:00,17724.41,18352.47,17534.87,18192.03,3736.16,67393875.41,18038.28
117,2020-11-30 00:00:00,18196.75,19864.15,18196.75,19700.19,10612.67,202854958.36,19114.41
118,2020-12-01 00:00:00,19703.53,19918.01,18100.0,18771.43,11799.59,225745303.6,19131.62
119,2020-12-02 00:00:00,18773.21,19346.9,18334.0,19226.55,6749.36,127787962.16,18933.33
120,2020-12-03 00:00:00,19220.09,19621.0,18881.62,19448.4,6196.53,119698552.79,19317.04
121,2020-12-04 00:00:00,19439.94,19552.5,18573.89,18673.76,6261.7,119320703.11,19055.65
122,2020-12-05 00:00:00,18650.08,19185.17,18500.0,19162.16,2376.72,45099564.95,18975.52
123,2020-12-06 00:00:00,19162.17,19418.39,18870.62,19380.58,2503.45,47970667.29,19161.79
124,2020-12-07 00:00:00,19385.13,19431.0,18905.0,19173.5,4323.27,82914592.37,19178.67
125,2020-12-08 00:00:00,19183.13,19300.55,18163.52,18316.43,5979.97,112420360.67,18799.5
126,2020-12-09 00:00:00,18311.31,18654.92,17640.33,18556.64,8906.95,162438255.41,18237.26
127,2020-12-10 00:00:00,18546.38,18562.13,17908.0,18250.3,6784.46,123858294.23,18256.19
128,2020-12-11 00:00:00,18250.3,18290.43,17569.58,18040.02,6687.92,119696677.08,17897.44
129,2020-12-12 00:00:00,18031.23,18956.46,18022.55,18815.63,3515.33,65052423.89,18505.37
130,2020-12-13 00:00:00,18806.83,19416.64,18628.1,19162.36,4251.96,81378675.48,19139.09
131,2020-12-14 00:00:00,19151.82,19346.9,18979.21,19274.33,3618.38,69353305.92,19166.97
132,2020-12-15 00:00:00,19274.33,19567.84,19050.0,19434.87,6750.77,130572007.93,19341.79
133,2020-12-16 00:00:00,19434.55,21576.76,19277.66,21365.7,14974.62,305411951.27,20395.3
134,2020-12-17 00:00:00,21358.96,23777.0,21244.04,22814.24,22626.69,515466569.05,22781.35
135,2020-12-18 00:00:00,22829.89,23284.68,22360.93,23136.14,11360.34,259866354.57,22874.88
136,2020-12-19 00:00:00,23142.05,24217.38,22719.78,23842.99,8672.04,203709712.93,23490.41
137,2020-12-20 00:00:00,23842.38,24298.04,23092.77,23470.85,5095.96,120302318.26,23607.38
138,2020-12-21 00:00:00,23470.85,24123.83,21864.86,22732.01,12675.13,291898841.06,23029.26
139,2020-12-22 00:00:00,22750.07,23843.21,22383.59,23835.1,9367.61,216786900.44,23142.18
140,2020-12-23 00:00:00,23819.08,24096.9,22624.92,23247.71,11541.97,271104879.96,23488.62
141,2020-12-24 00:00:00,23215.0,23779.14,22700.1,23726.28,7185.48,166747478.67,23206.16
142,2020-12-25 00:00:00,23747.22,24777.0,23403.82,24705.15,6469.23,156127792.99,24133.91
143,2020-12-26 00:00:00,24714.01,26809.5,24485.32,26466.28,7491.46,191884953.51,25613.82
144,2020-12-27 00:00:00,26472.89,28377.94,25770.0,26259.6,13234.33,358402043.14,27081.23
145,2020-12-28 00:00:00,26242.82,27473.49,26079.6,27037.91,7987.78,215371703.98,26962.66
146,2020-12-29 00:00:00,27037.9,27395.0,25831.85,27370.0,9577.28,255273840.61,26654.11
147,2020-12-30 00:00:00,27370.0,29010.32,27328.37,28881.3,11741.73,330879918.31,28179.82
148,2020-12-31 00:00:00,28893.21,29300.0,27930.75,28992.79,9477.68,273138207.62,28819.11
149,2021-01-01 00:00:00,28999.63,29700.0,28720.0,29402.64,8781.47,257112705.02,29279.02
150,2021-01-02 00:00:00,29410.77,33333.0,29050.0,32216.53,17867.88,560132127.87,31348.55
151,2021-01-03 00:00:00,32216.51,34800.0,31977.45,33097.83,14160.58,473869490.4,33463.99
152,2021-01-04 00:00:00,33068.83,33669.76,27734.0,32005.88,22446.94,698096326.1,31099.84
153,2021-01-05 00:00:00,32054.23,34500.0,29936.26,34039.05,14806.5,478865488.76,32341.58
154,2021-01-06 00:00:00,34081.24,37050.83,33348.27,36849.94,19219.29,672280072.65,34979.45
155,2021-01-07 00:00:00,36875.96,40402.46,36327.5,39510.49,23102.26,884801285.59,38299.34
156,2021-01-08 00:00:00,39510.59,42000.0,36618.36,40667.07,22183.95,887158778.46,39991.02
157,2021-01-09 00:00:00,40682.76,41422.77,38788.16,40239.06,8535.85,344406738.02,40348.28
158,2021-01-10 00:00:00,40239.06,41450.0,34322.07,38173.73,16219.0,625303825.33,38553.79
159,2021-01-11 00:00:00,38164.88,38261.39,30261.13,35455.58,40786.96,1369433668.2,33575.28
160,2021-01-12 00:00:00,35449.71,36639.23,32479.91,34035.02,18267.87,635329603.58,34778.52
161,2021-01-13 00:00:00,34035.02,37800.0,32327.76,37393.49,13662.39,474782173.76,34751.04
162,2021-01-14 00:00:00,37393.49,40112.78,36717.23,39134.35,10923.5,421721110.06,38606.76
163,2021-01-15 00:00:00,39147.98,39694.0,34380.0,36756.57,13499.12,496821058.3,36803.97
164,2021-01-16 00:00:00,36778.66,37944.12,35350.0,36000.0,7688.58,282920940.58,36797.54
165,2021-01-17 00:00:00,36013.51,36839.0,33833.55,35819.25,6821.71,241414408.93,35389.12
166,2021-01-18 00:00:00,35826.36,37449.86,34777.85,36616.95,6251.21,225869723.74,36132.13
167,2021-01-19 00:00:00,36665.82,37874.71,35888.0,35917.62,6578.86,242901589.42,36921.54
168,2021-01-20 00:00:00,35888.13,36440.1,33400.0,35496.91,12160.47,423937676.54,34861.96
169,2021-01-21 00:00:00,35516.17,35620.96,30044.16,30818.18,21214.64,685698441.17,32321.94
170,2021-01-22 00:00:00,30817.86,33864.85,28800.0,32992.06,17019.58,533796043.83,31363.64
171,2021-01-23 00:00:00,32989.1,33468.46,31426.11,32117.49,5255.75,169926965.0,32331.66
172,2021-01-24 00:00:00,32098.38,33075.75,30960.77,32288.83,4658.71,149505960.2,32091.71
173,2021-01-25 00:00:00,32289.06,34888.0,31939.12,32261.22,10038.76,336155467.24,33485.77
174,2021-01-26 00:00:00,32264.15,32953.28,30847.4,32504.53,11554.91,369700342.66,31995.08
175,2021-01-27 00:00:00,32521.65,32580.12,29150.49,30424.62,22403.71,690250535.6,30809.66
176,2021-01-28 00:00:00,30427.34,33870.58,29899.99,33484.87,17879.36,571659889.84,31973.18
177,2021-01-29 00:00:00,33488.66,38620.0,31990.0,34249.64,31439.62,1118437871.48,35574.15
178,2021-01-30 00:00:00,34265.71,34931.39,32860.0,34323.0,7281.29,247478982.84,33988.36
179,2021-01-31 00:00:00,34300.19,34380.21,32193.7,33141.38,4750.12,158177584.18,33299.68
180,2021-02-01 00:00:00,33110.32,34736.1,32333.01,33532.74,8374.06,282967656.28,33790.99
181,2021-02-02 00:00:00,33497.16,36008.67,33431.67,35522.16,7225.87,251901236.88,34861.05
182,2021-02-03 00:00:00,35496.91,37732.87,35382.45,37691.63,8777.33,321601925.43,36640.05
183,2021-02-04 00:00:00,37693.0,38748.52,36197.65,36996.32,11762.8,440616261.38,37458.44
184,2021-02-05 00:00:00,36984.28,38359.69,36618.36,38320.0,5211.97,196644312.09,37729.33
185,2021-02-06 00:00:00,38320.0,41025.48,38230.81,39282.1,8635.66,344009199.11,39835.89
186,2021-02-07 00:00:00,39274.8,39727.44,37412.93,38858.39,5973.24,230396414.04,38571.43
187,2021-02-08 00:00:00,38870.36,46712.12,38050.97,46416.45,19053.71,820630078.34,43069.3
188,2021-02-09 00:00:00,46445.51,48216.09,45000.0,46505.2,12505.08,584053282.64,46705.27
189,2021-02-10 00:00:00,46493.9,47364.09,43746.06,44854.63,9483.33,432009473.92,45554.62
190,2021-02-11 00:00:00,44854.63,48696.84,44040.96,47981.48,9390.82,440171574.48,46872.56
191,2021-02-12 00:00:00,48044.88,49000.0,46231.16,47395.84,5970.14,283871530.3,47548.59
192,2021-02-13 00:00:00,47424.25,48220.0,46133.0,47228.48,4271.67,201291070.81,47122.31
193,2021-02-14 00:00:00,47258.66,49714.66,47081.02,48662.5,5201.69,253563723.51,48746.38
194,2021-02-15 00:00:00,48620.48,49048.82,45914.75,47942.57,6924.33,329015293.13,47515.8
195,2021-02-16 00:00:00,47954.05,50602.53,47036.02,49166.53,8376.08,410409532.97,48997.83
196,2021-02-17 00:00:00,49136.7,52640.0,48896.19,52174.28,9571.65,488157711.35,51000.38
197,2021-02-18 00:00:00,52141.23,52566.98,50869.61,51579.54,6330.14,328222293.62,51850.69
198,2021-02-19 00:00:00,51560.46,56399.99,50627.32,55988.58,9229.78,497300982.01,53880.03
199,2021-02-20 00:00:00,56000.59,57553.81,54000.0,55936.04,5187.25,292226077.61,56335.45
200,2021-02-21 00:00:00,55919.75,58354.14,55537.99,57492.91,3562.97,203651061.88,57157.68
201,2021-02-22 00:00:00,57485.74,57564.19,47400.0,54173.65,17002.83,911155318.0,53588.44
202,2021-02-23 00:00:00,54173.64,54196.58,44845.72,48887.93,17766.4,859766472.9,48392.84
203,2021-02-24 00:00:00,48927.33,51459.51,47000.0,49754.0,8774.37,437575637.75,49869.77
204,2021-02-25 00:00:00,49715.13,52079.16,46723.0,47088.58,7920.69,394705022.15,49832.13
205,2021-02-26 00:00:00,47070.18,48476.62,44151.97,46314.83,8126.23,377583642.41,46464.81
206,2021-02-27 00:00:00,46324.15,48365.31,45050.0,46109.98,3071.57,144219099.22,46952.92
207,2021-02-28 00:00:00,46142.1,46659.88,43021.0,45240.96,6668.92,297110731.73,44551.56
208,2021-03-01 00:00:00,45261.56,49831.52,45020.25,49629.33,8512.76,408545516.05,47992.14
209,2021-03-02 00:00:00,49641.89,50250.0,47069.52,48516.35,4945.79,240307216.2,48588.25
210,2021-03-03 00:00:00,48438.0,52652.82,48168.45,50379.68,6151.49,312878268.25,50862.22
211,2021-03-04 00:00:00,50376.05,51817.54,47500.0,48360.5,5641.61,277946250.32,49267.17
212,2021-03-05 00:00:00,48353.09,49471.24,46294.0,48739.21,5219.25,248715104.5,47653.45
213,2021-03-06 00:00:00,48774.67,49200.0,47082.29,48904.63,2141.06,103397091.79,48292.47
214,2021-03-07 00:00:00,48933.12,51477.53,48933.12,50967.3,2818.45,142113260.95,50422.49
215,2021-03-08 00:00:00,50952.55,52427.8,49316.98,52427.8,4419.56,224764289.96,50856.7
216,2021-03-09 00:00:00,52427.8,54939.26,51857.0,54929.02,5428.89,293049381.26,53979.59
217,2021-03-10 00:00:00,54927.29,57402.89,53010.0,55852.29,6916.28,384921865.63,55654.48
218,2021-03-11 00:00:00,55918.09,58155.99,54269.0,57772.09,6640.49,374115964.6,56338.63
219,2021-03-12 00:00:00,57847.92,58098.5,55011.0,57271.04,5232.31,296734625.07,56711.97
220,2021-03-13 00:00:00,57297.67,61781.83,56080.96,61165.19,6187.83,369229473.63,59670.23
221,2021-03-14 00:00:00,61177.03,61700.0,58959.57,59016.39,3274.12,197852123.43,60429.06
222,2021-03-15 00:00:00,58956.9,60595.13,54555.0,55644.37,7725.21,441393192.83,57136.69
223,2021-03-16 00:00:00,55616.42,56950.0,53221.0,56908.34,7733.23,425732104.61,55052.32
224,2021-03-17 00:00:00,56928.38,58968.8,54124.0,58901.8,5840.08,328989895.67,56333.14
225,2021-03-18 00:00:00,58939.73,60083.25,57000.0,57648.05,5516.46,323184873.87,58585.51
226,2021-03-19 00:00:00,57648.01,59450.95,56279.34,58072.0,3523.48,205444123.77,58307.12
227,2021-03-20 00:00:00,58029.94,59957.0,57815.61,58138.39,2382.95,140165671.55,58820.34
228,2021-03-21 00:00:00,58072.87,58632.52,55500.0,57381.79,3628.8,207594290.21,57207.46
229,2021-03-22 00:00:00,57410.54,58461.78,53715.0,54070.92,6566.97,367675163.01,55988.58
230,2021-03-23 00:00:00,54117.71,55866.44,52933.03,54361.57,4996.46,272932193.41,54625.07
231,2021-03-24 00:00:00,54360.07,57207.33,51638.76,52287.52,6867.56,377085277.59,54908.15
232,2021-03-25 00:00:00,52281.77,53271.59,50360.0,51326.11,6682.62,346759323.04,51889.75
233,2021-03-26 00:00:00,51292.65,55114.86,51263.38,55081.37,4874.25,259910992.19,53323.27
234,2021-03-27 00:00:00,55081.26,56686.15,53948.35,55839.42,2609.97,144366052.02,55313.35
235,2021-03-28 00:00:00,55817.85,56573.04,54677.51,55790.92,2073.45,115465189.06,55687.49
236,2021-03-29 00:00:00,55790.28,58402.68,54892.42,57600.1,5360.43,306951542.4,57262.53
237,2021-03-30 00:00:00,57623.66,59388.66,57011.0,58760.59,3392.34,198361832.16,58473.48
238,2021-03-31 00:00:00,58767.75,59816.17,56713.45,58782.58,4595.25,269467568.88,58640.43
239,2021-04-01 00:00:00,58789.96,59490.0,57935.42,58728.53,2786.58,163922679.26,58825.74
240,2021-04-02 00:00:00,58744.0,60103.04,58450.0,59003.6,2564.6,152279790.21,59377.6
241,2021-04-03 00:00:00,58967.61,59801.39,56922.0,57064.42,1663.27,97443951.17,58585.83
242,2021-04-04 00:00:00,57064.13,58501.0,56466.25,58212.18,1440.63,82940646.5,57572.41
243,2021-04-05 00:00:00,58213.69,59280.0,56800.0,59125.0,2402.44,140036218.67,58289.23
244,2021-04-06 00:00:00,59135.36,59473.9,57216.0,58018.3,2711.4,158094310.14,58307.31
245,2021-04-07 00:00:00,58024.9,58668.0,55441.93,55932.83,5454.58,309187618.4,56684.07
246,2021-04-08 00:00:00,55912.38,58145.49,55680.4,58096.6,4586.81,262708078.4,57274.72
247,2021-04-09 00:00:00,58066.18,58890.25,57657.43,58109.56,2660.65,154927754.71,58229.33
248,2021-04-10 00:00:00,58129.02,61222.22,57870.0,59766.93,3917.95,235221060.94,60036.76
249,2021-04-11 00:00:00,59773.19,60679.0,59165.15,59979.26,1822.72,108992684.45,59796.71
250,2021-04-12 00:00:00,59972.26,61234.56,59361.11,59831.66,3707.44,223073719.7,60169.26
251,2021-04-13 00:00:00,59814.87,63769.0,59780.0,63564.48,5711.53,354930338.57,62142.81
252,2021-04-14 00:00:00,63605.69,64895.22,61327.0,62986.09,6002.89,380071318.57,63314.69
253,2021-04-15 00:00:00,62954.2,63855.37,61998.9,63239.19,3433.45,216131742.16,62948.87
254,2021-04-16 00:00:00,63247.24,63580.4,60042.04,61436.24,5778.82,355268677.28,61477.76
255,2021-04-17 00:00:00,61436.23,62596.48,59676.67,60032.29,3091.48,188928025.34,61112.41
256,2021-04-18 00:00:00,60048.82,60433.81,51541.16,56280.6,12869.86,715234836.74,55574.41
257,2021-04-19 00:00:00,56260.83,57633.0,54252.88,55694.55,5791.24,326058564.5,56302.04
258,2021-04-20 00:00:00,55694.55,57119.0,53400.0,56503.19,5863.88,325428136.65,55497.04
259,2021-04-21 00:00:00,56493.02,56850.0,53628.79,53806.24,4578.26,253524186.53,55375.7
260,2021-04-22 00:00:00,53823.48,55491.8,50450.01,51683.95,7838.96,418259265.85,53356.5
261,2021-04-23 00:00:00,51693.98,52131.34,47555.0,51176.65,11649.32,577912581.65,49609.13
262,2021-04-24 00:00:00,51177.77,51227.38,48713.34,50118.94,3445.14,172117188.17,49959.47
263,2021-04-25 00:00:00,50126.34,50608.94,47004.2,49128.43,4167.44,205165626.69,49230.66
264,2021-04-26 00:00:00,49122.75,54404.78,48823.01,54073.41,6046.8,320174846.35,52949.5
265,2021-04-27 00:00:00,54015.32,55519.37,53325.75,55091.39,4111.13,224672450.74,54649.87
266,2021-04-28 00:00:00,55094.73,56500.0,53811.49,54901.97,4542.51,249026460.74,54821.34
267,2021-04-29 00:00:00,54898.45,55239.33,52379.9,53593.97,4172.68,223849381.69,53646.47
268,2021-04-30 00:00:00,53585.93,58008.0,53087.15,57775.27,4809.18,267530998.29,55629.21
269,2021-05-01 00:00:00,57790.66,58549.0,57049.63,57851.91,2248.56,130023044.02,57825.14
270,2021-05-02 00:00:00,57893.01,57967.01,56064.51,56622.66,1887.08,107163777.57,56788.02
271,2021-05-03 00:00:00,56599.91,59000.0,56500.0,57222.37,3636.52,210577616.83,57906.4
272,2021-05-04 00:00:00,57227.64,57250.85,53080.69,53236.84,5747.19,316945277.88,55147.83
273,2021-05-05 00:00:00,53221.75,57976.62,52924.5,57509.93,5504.56,309233720.61,56177.76
274,2021-05-06 00:00:00,57517.08,58420.83,55283.0,56447.39,5144.23,292223347.84,56806.01
275,2021-05-07 00:00:00,56425.82,58743.85,55288.11,57381.73,4234.71,241485865.54,57025.37
276,2021-05-08 00:00:00,57371.02,59564.24,56977.5,58984.75,2928.99,171828795.18,58664.79
277,2021-05-09 00:00:00,58964.89,59300.62,56256.0,58305.24,2589.63,149945356.66,57902.33
278,2021-05-10 00:00:00,58336.16,59603.0,53500.0,55880.72,6589.43,375398299.62,56969.79
279,2021-05-11 00:00:00,55854.43,56972.33,54500.0,56763.7,4203.17,234619525.03,55819.67
280,2021-05-12 00:00:00,56763.7,58021.26,48530.0,49386.56,6367.35,346622934.95,54437.52
281,2021-05-13 00:00:00,49419.44,51420.72,45700.0,49694.96,9096.38,450092958.69,49480.43
282,2021-05-14 00:00:00,49711.64,51572.0,48875.69,49880.43,4011.08,201758486.45,50300.27
283,2021-05-15 00:00:00,49883.89,50710.93,46448.53,46708.89,3613.93,174921159.08,48401.94
284,2021-05-16 00:00:00,46753.4,49800.0,43769.4,46444.75,5750.08,267582687.97,46535.45
285,2021-05-17 00:00:00,46446.42,46648.5,42100.0,43593.39,12262.72,540003862.2,44036.21
286,2021-05-18 00:00:00,43581.27,45872.05,42023.69,42877.75,6275.91,276431302.82,44046.38
287,2021-05-19 00:00:00,42900.85,43601.63,30066.0,36780.43,32468.86,1233363958.31,37986.05
288,2021-05-20 00:00:00,36793.39,43000.0,35000.0,40640.9,14703.03,585763330.72,39839.63
289,2021-05-21 00:00:00,40566.13,42297.89,33520.0,37335.16,13106.84,501570358.06,38267.83
290,2021-05-22 00:00:00,37318.43,38887.99,35260.0,37500.54,5720.01,213523515.35,37329.25
291,2021-05-23 00:00:00,37474.34,38311.74,31107.46,34706.79,9376.29,320233593.89,34153.54
292,2021-05-24 00:00:00,34735.35,39960.0,34426.21,38839.86,10213.18,381206446.92,37324.94
293,2021-05-25 00:00:00,38848.36,40000.0,36486.85,38397.72,5765.35,219203791.76,38020.92
294,2021-05-26 00:00:00,38385.87,40904.0,37859.74,39309.56,4205.61,165383293.16,39324.42
295,2021-05-27 00:00:00,39299.46,40429.47,37212.9,38503.47,4113.44,160304687.59,38970.97
296,2021-05-28 00:00:00,38578.5,38905.12,34710.23,35692.46,6167.02,224336970.37,36376.88
297,2021-05-29 00:00:00,35691.36,37348.01,33650.0,34632.08,4457.17,156799838.22,35179.26
298,2021-05-30 00:00:00,34644.09,36516.99,33425.0,35677.72,2979.72,105578080.8,35432.22
299,2021-05-31 00:00:00,35675.3,37540.96,34195.2,37341.41,4383.79,158951116.89,36258.82
300,2021-06-01 00:00:00,37279.89,37927.44,35699.98,36693.3,4348.75,159091714.18,36583.28
301,2021-06-02 00:00:00,36693.3,38256.3,35933.19,37589.36,4270.1,159542306.13,37362.63
302,2021-06-03 00:00:00,37585.12,39490.0,37176.06,39219.88,4058.94,156720692.64,38611.21
303,2021-06-04 00:00:00,39242.94,39277.36,35576.67,36887.32,5786.19,213732275.65,36938.37
304,2021-06-05 00:00:00,36851.58,37927.93,34849.65,35532.14,4106.35,149255532.27,36347.5
305,2021-06-06 00:00:00,35532.59,36510.58,35250.0,35808.85,2526.73,90744305.29,35913.68
306,2021-06-07 00:00:00,35810.69,36808.3,33321.09,33582.62,4913.04,174738848.91,35566.34
307,2021-06-08 00:00:00,33567.51,34085.61,31025.0,33411.69,9044.65,295411111.92,32661.43
308,2021-06-09 00:00:00,33413.19,37556.25,32423.72,37400.0,8539.59,300379531.29,35174.95
309,2021-06-10 00:00:00,37414.64,38446.24,35824.69,36707.54,5761.72,213850983.95,37115.79
310,2021-06-11 00:00:00,36724.97,37680.65,35958.49,37341.11,3741.23,138549651.22,37033.18
311,2021-06-12 00:00:00,37338.91,37445.55,34630.0,35542.76,3727.95,132933963.24,35658.71
312,2021-06-13 00:00:00,35563.66,39386.43,34783.9,39013.76,3601.92,133206837.5,36982.2
313,2021-06-14 00:00:00,39035.52,41050.0,38758.4,40532.79,6281.28,250256144.77,39841.58
314,2021-06-15 00:00:00,40544.19,41341.57,39526.47,40171.47,4078.8,164073553.91,40225.92
315,2021-06-16 00:00:00,40166.93,40506.59,38095.41,38353.99,4008.51,157401959.65,39266.92
316,2021-06-17 00:00:00,38361.38,39553.05,37350.0,38097.68,3569.25,137235493.81,38449.36
317,2021-06-18 00:00:00,38110.25,38208.68,35143.68,35840.0,4240.4,156056634.47,36802.3
318,2021-06-19 00:00:00,35849.18,36440.0,34718.21,35507.06,3129.33,111854162.37,35743.75
319,2021-06-20 00:00:00,35494.7,36125.0,33337.0,35589.77,3958.12,137783633.01,34810.39
320,2021-06-21 00:00:00,35598.66,35763.8,31238.69,31634.16,8580.06,281277014.64,32782.63
321,2021-06-22 00:00:00,31628.83,33315.85,28600.0,32545.26,9778.52,305226167.49,31213.95
322,2021-06-23 00:00:00,32547.57,35000.0,31670.89,33652.28,5855.58,197825431.86,33784.08
323,2021-06-24 00:00:00,33693.99,35289.0,32314.37,34649.32,4725.83,159456200.78,33741.44
324,2021-06-25 00:00:00,34652.68,35517.22,31271.02,31597.75,5099.26,168713067.95,33085.77
325,2021-06-26 00:00:00,31595.95,32714.46,30082.79,32269.38,3300.16,103208642.25,31273.83
326,2021-06-27 00:00:00,32293.98,34772.94,32015.82,34699.5,3260.57,108213766.4,33188.65
327,2021-06-28 00:00:00,34716.02,35357.13,33878.23,34487.11,3369.99,116326301.95,34518.25
328,2021-06-29 00:00:00,34494.42,36623.79,34240.0,35907.93,3179.51,113263661.85,35623.02
329,2021-06-30 00:00:00,35900.05,36099.82,34049.36,35037.23,3381.05,117960169.57,34888.67
330,2021-07-01 00:00:00,35059.71,35071.34,32700.88,33564.21,3118.76,104760187.49,33590.3
331,2021-07-02 00:00:00,33537.11,33981.51,32700.05,33811.56,2086.84,69508235.87,33307.91
332,2021-07-03 00:00:00,33810.46,34959.72,33333.1,34688.3,1244.5,42808110.73,34397.92
333,2021-07-04 00:00:00,34672.08,35960.0,34404.29,35289.21,1204.0,42630110.93,35406.96
334,2021-07-05 00:00:00,35255.0,35258.7,33143.0,33704.21,2254.35,76811531.18,34072.53
335,2021-07-06 00:00:00,33730.76,35100.49,33510.58,34244.09,2386.51,81774966.55,34265.57
336,2021-07-07 00:00:00,34231.95,35059.02,33800.0,33882.47,1540.04,53217886.78,34556.12
337,2021-07-08 00:00:00,33858.33,33943.02,32101.0,32898.79,2945.85,96718061.99,32831.92
338,2021-07-09 00:00:00,32892.94,34115.44,32285.73,33826.43,1636.58,54233225.5,33138.24
339,2021-07-10 00:00:00,33830.73,34261.04,33014.21,33517.6,1442.42,48594894.42,33689.72
340,2021-07-11 00:00:00,33521.48,34635.82,33335.49,34258.53,1635.02,55384085.02,33873.69
341,2021-07-12 00:00:00,34266.84,34677.0,32660.0,33105.0,1879.54,63176320.99,33612.7
342,2021-07-13 00:00:00,33091.53,33340.0,32190.0,32728.0,1870.57,61361648.07,32803.65
343,2021-07-14 00:00:00,32737.56,33111.72,31589.35,32823.55,2753.1,89339111.79,32450.39
344,2021-07-15 00:00:00,32818.68,33179.0,31121.57,31848.65,2470.21,78848242.1,31919.61
345,2021-07-16 00:00:00,31885.7,32264.53,31012.93,31388.17,1912.47,60666603.6,31721.62
346,2021-07-17 00:00:00,31376.3,31950.0,31176.66,31529.68,1550.07,48980380.9,31598.78
347,2021-07-18 00:00:00,31509.33,32440.98,31100.0,31776.65,1256.55,39936180.63,31782.5
348,2021-07-19 00:00:00,31794.49,31881.71,30400.0,30829.29,2506.28,77902345.31,31082.89
349,2021-07-20 00:00:00,30822.08,31068.62,29296.39,29786.58,3413.24,101691045.42,29793.1
350,2021-07-21 00:00:00,29792.99,32875.42,29500.0,32138.45,4842.16,151889430.07,31368.09
351,2021-07-22 00:00:00,32115.82,32609.83,31703.15,32300.88,2392.47,76918046.59,32150.06
352,2021-07-23 00:00:00,32306.98,33684.17,32000.0,33684.17,1976.38,64383767.46,32576.54
353,2021-07-24 00:00:00,33685.0,34534.32,33419.31,34301.78,1440.47,48792503.94,33872.72
354,2021-07-25 00:00:00,34301.86,35448.97,33874.03,35428.28,2063.49,71028021.74,34421.24
355,2021-07-26 00:00:00,35438.93,40581.3,35282.7,37291.24,8840.4,339041943.48,38351.43
356,2021-07-27 00:00:00,37271.44,39539.5,36386.19,39475.41,5896.67,221935316.77,37637.42
357,2021-07-28 00:00:00,39446.94,40927.53,38786.8,40036.32,3943.48,157312496.32,39891.82
358,2021-07-29 00:00:00,40024.8,40662.8,39239.95,40037.51,2306.04,92044667.4,39914.63
359,2021-07-30 00:00:00,40045.21,42335.5,38331.37,42234.89,3651.72,145592747.98,39869.68
360,2021-07-31 00:00:00,42236.72,42411.32,41007.51,41490.13,1507.87,62865290.37,41691.5
361,2021-08-01 00:00:00,41489.16,42614.85,39424.27,39839.0,2042.02,83963591.04,41117.97
362,2021-08-02 00:00:00,39875.2,40459.31,38687.62,39165.55,2407.97,95218137.46,39542.99
363,2021-08-03 00:00:00,39157.52,39792.83,37639.0,38177.07,3279.64,125637960.29,38308.4
364,2021-08-04 00:00:00,38173.75,39973.94,37481.0,39741.12,4080.84,156963803.51,38463.65
365,2021-08-05 00:00:00,39742.77,41401.96,37300.0,40894.67,5804.41,230462378.99,39704.72
366,2021-08-06 00:00:00,40893.77,43381.0,39879.47,42856.59,2937.38,122140052.53,41581.22
367,2021-08-07 00:00:00,42857.09,44763.14,42251.0,44612.94,4886.94,213218287.86,43630.24
368,2021-08-08 00:00:00,44624.4,45355.0,43298.84,43858.42,3647.13,162099727.96,44445.82
369,2021-08-09 00:00:00,43836.05,46529.02,42811.26,46292.89,4961.59,224505106.87,45248.64
370,2021-08-10 00:00:00,46282.3,46759.0,44643.0,45609.7,2390.09,109079646.3,45638.33
371,2021-08-11 00:00:00,45596.21,46787.6,45353.02,45539.85,2606.13,120412472.97,46203.62
372,2021-08-12 00:00:00,45536.8,46236.7,43800.02,44444.45,2463.51,110492214.66,44851.61
373,2021-08-13 00:00:00,44413.35,47929.18,44253.97,47860.58,2934.74,136574095.68,46537.0
374,2021-08-14 00:00:00,47855.0,48190.0,46000.0,47119.73,1908.95,89628333.22,46951.61
375,2021-08-15 00:00:00,47130.97,47424.0,45500.27,47028.3,1726.8,80027152.76,46344.31
376,2021-08-16 00:00:00,47024.96,48075.22,45654.14,45930.51,2410.15,113092623.01,46923.46
377,2021-08-17 00:00:00,45930.48,47183.37,44417.51,44694.35,3286.27,150669689.77,45848.19
378,2021-08-18 00:00:00,44631.47,46041.62,44218.73,44721.13,2247.93,101573130.13,45185.1
379,2021-08-19 00:00:00,44734.16,47114.99,43935.54,46764.3,2776.24,126331765.86,45504.67
380,2021-08-20 00:00:00,46759.29,49436.1,46645.77,49356.0,2815.55,135092212.24,47980.73
381,2021-08-21 00:00:00,49332.31,49833.02,48300.0,48884.34,1768.24,86665779.61,49012.41
382,2021-08-22 00:00:00,48883.84,49540.01,48080.17,49301.86,985.77,48126343.21,48821.3
383,2021-08-23 00:00:00,49296.71,50562.11,49010.0,49561.37,2419.87,120823697.21,49929.87
384,2021-08-24 00:00:00,49516.08,49893.5,47593.66,47731.33,2217.8,108034639.97,48712.46
385,2021-08-25 00:00:00,47670.8,49273.93,47100.0,49011.75,1902.72,91677203.94,48182.17
386,2021-08-26 00:00:00,49022.39,49387.6,46309.33,46856.29,2091.11,98701513.37,47200.54
387,2021-08-27 00:00:00,46857.86,49187.0,46363.0,49100.49,1943.56,92881845.84,47789.61
388,2021-08-28 00:00:00,49100.49,49325.0,48244.88,48935.36,692.71,33863362.26,48885.63
389,2021-08-29 00:00:00,48947.1,49666.0,47798.29,48808.72,1044.48,50812060.25,48648.1
390,2021-08-30 00:00:00,48782.56,48915.29,46855.41,47003.44,1676.48,80397557.15,47956.1
391,2021-08-31 00:00:00,46969.05,48270.33,46699.0,47156.09,2239.17,105950002.18,47316.69
392,2021-09-01 00:00:00,47118.02,49134.0,46532.42,48853.49,2194.63,104872088.2,47785.77
393,2021-09-02 00:00:00,48830.93,50390.0,48625.0,49274.79,2267.93,112759425.87,49719.05
394,2021-09-03 00:00:00,49284.93,51050.0,48351.6,50025.04,2226.78,111455978.26,50052.47
395,2021-09-04 00:00:00,50033.5,50570.94,49388.26,49943.16,869.29,43453055.07,49986.93
396,2021-09-05 00:00:00,49965.32,51900.0,49500.0,51809.28,986.49,49917570.46,50601.34
397,2021-09-06 00:00:00,51809.28,52810.0,51024.32,52708.2,2057.33,106488911.72,51760.77
398,2021-09-07 00:00:00,52719.43,52956.47,42900.01,46866.82,6811.92,328452975.22,48217.37
399,2021-09-08 00:00:00,46894.3,47386.72,44436.93,46091.94,3309.1,152686748.46,46141.5
400,2021-09-09 00:00:00,46070.43,47419.95,45550.0,46392.81,2595.99,120725201.47,46504.55
401,2021-09-10 00:00:00,46368.11,47029.08,44125.0,44857.38,2392.57,109384109.55,45718.23
402,2021-09-11 00:00:00,44858.2,45993.32,44767.75,45176.66,906.81,41144137.14,45372.58
403,2021-09-12 00:00:00,45162.96,46491.63,44752.96,46035.0,1015.76,46428755.7,45708.29
404,2021-09-13 00:00:00,46039.42,46895.82,43400.0,44974.34,2308.42,103251008.38,44727.96
405,2021-09-14 00:00:00,44983.77,47273.38,44704.18,47103.18,1643.96,76093222.59,46286.64
406,2021-09-15 00:00:00,47123.81,48465.77,46702.26,48150.94,1307.25,62300301.61,47657.57
407,2021-09-16 00:00:00,48188.12,48505.0,47035.0,47760.64,1886.04,90188362.91,47818.86
408,2021-09-17 00:00:00,47773.44,48179.0,46712.14,47305.18,1558.52,73963334.7,47457.32
409,2021-09-18 00:00:00,47316.21,48834.0,47052.9,48326.74,1452.51,70151977.1,48297.2
410,2021-09-19 00:00:00,48307.05,48389.52,46860.0,47245.25,999.6,47577375.22,47596.6
411,2021-09-20 00:00:00,47257.86,47334.54,42453.97,43035.99,4240.49,188087578.05,44355.2
412,2021-09-21 00:00:00,43003.07,43643.34,39573.21,40596.54,5961.59,250879329.53,42082.64
413,2021-09-22 00:00:00,40702.07,44031.85,40580.18,43589.53,3040.95,129734764.69,42662.65
414,2021-09-23 00:00:00,43586.0,45013.17,43105.0,44903.5,2317.76,102397463.19,44179.57
415,2021-09-24 00:00:00,44893.7,45159.9,40693.27,42848.5,4348.93,185146782.14,42572.97
416,2021-09-25 00:00:00,42835.88,43010.69,41689.6,42722.19,879.2,37363269.71,42497.05
417,2021-09-26 00:00:00,42699.1,43956.38,40808.0,43204.73,1659.78,70873269.3,42700.28
418,2021-09-27 00:00:00,43162.82,44377.7,42130.0,42189.81,1936.65,83824726.02,43283.37
419,2021-09-28 00:00:00,42154.87,42778.93,40888.0,41049.0,2246.85,93999112.34,41835.89
420,2021-09-29 00:00:00,41024.21,42595.93,40750.0,41542.9,1804.78,75320676.22,41734.04
421,2021-09-30 00:00:00,41537.56,44117.74,41427.87,43834.43,2614.5,113174770.35,43287.28
422,2021-10-01 00:00:00,43835.47,48500.0,43291.07,48171.86,3446.87,160746748.12,46635.54
423,2021-10-02 00:00:00,48185.61,48361.83,47468.15,47685.8,1361.84,65206384.48,47880.95
424,2021-10-03 00:00:00,47644.63,49225.55,47119.87,48235.93,1164.6,56124159.59,48191.67
425,2021-10-04 00:00:00,48231.04,49530.53,46900.0,49242.14,2737.78,132254666.18,48307.26
426,2021-10-05 00:00:00,49283.89,51914.68,49075.0,51501.19,2206.6,111219079.47,50403.0
427,2021-10-06 00:00:00,51521.89,55800.0,50428.64,55345.79,4441.9,237529479.23,53474.71
428,2021-10-07 00:00:00,55360.1,55360.32,53289.57,53787.6,2349.7,127509975.87,54266.46
429,2021-10-08 00:00:00,53816.16,56168.0,53623.02,53957.21,2217.76,121333322.69,54709.97
430,2021-10-09 00:00:00,53952.82,55512.05,53674.69,54976.92,1061.02,58218788.8,54870.42
431,2021-10-10 00:00:00,54984.49,56561.0,51000.0,54714.95,1735.42,95654762.4,55119.02
432,2021-10-11 00:00:00,54657.0,57855.79,54462.45,57485.2,1955.79,111093097.55,56802.29
433,2021-10-12 00:00:00,57490.0,57701.0,53909.0,55995.49,3224.84,181675032.07,56336.14
434,2021-10-13 00:00:00,56004.61,57773.89,54231.0,57374.55,3359.7,187438862.19,55790.41
435,2021-10-14 00:00:00,57395.84,58550.0,56830.56,57371.58,1879.45,108299062.82,57622.62
436,2021-10-15 00:00:00,57370.48,62944.94,56877.0,61657.35,4205.42,252890681.37,60134.42
437,2021-10-16 00:00:00,61703.45,62352.0,60100.27,60870.26,1263.45,77389997.59,61253.01
438,2021-10-17 00:00:00,60885.27,61712.0,58933.0,61538.97,1261.13,76531265.29,60684.68
439,2021-10-18 00:00:00,61519.52,62679.0,59013.0,62034.65,5754.55,354911330.19,61674.89
440,2021-10-19 00:00:00,62014.99,64499.0,61350.0,64241.61,3253.74,205532573.51,63168.1
441,2021-10-20 00:00:00,64282.2,67016.5,63529.0,65990.31,3070.68,201749572.28,65701.83
442,2021-10-21 00:00:00,66027.81,66664.1,61850.0,62219.44,3891.53,251011591.13,64502.06
443,2021-10-22 00:00:00,62207.51,63757.28,59953.74,60702.68,3159.43,196102809.9,62069.14
444,2021-10-23 00:00:00,60698.54,61737.38,59633.61,61338.76,1056.08,64488937.42,61064.46
445,2021-10-24 00:00:00,61306.64,61497.33,59510.0,60910.16,1204.85,72870219.8,60480.85
446,2021-10-25 00:00:00,60883.96,63733.93,60670.0,63101.43,1730.15,108558590.45,62745.33
447,2021-10-26 00:00:00,63101.43,63299.3,59830.0,60328.22,1965.55,121657558.45,61895.07
448,2021-10-27 00:00:00,60331.4,61489.0,58100.01,58465.9,3479.74,206590618.45,59369.59
449,2021-10-28 00:00:00,58471.06,62524.0,56425.0,60592.76,3769.76,226678316.76,60130.78
450,2021-10-29 00:00:00,60608.95,62971.54,60154.53,62301.59,3884.64,239039257.15,61534.43
451,2021-10-30 00:00:00,62278.92,62376.32,60660.02,61932.3,1542.32,95014731.47,61605.1
452,2021-10-31 00:00:00,61904.96,62438.85,60000.0,61359.44,1548.13,94567393.03,61084.96
453,2021-11-01 00:00:00,61356.57,62500.0,59500.0,60922.85,2507.4,153708031.35,61301.81
454,2021-11-02 00:00:00,60949.78,64300.0,60669.91,63260.0,3336.53,208355243.06,62446.75
455,2021-11-03 00:00:00,63260.0,63567.21,60018.46,62930.72,2148.47,134510431.47,62607.52
456,2021-11-04 00:00:00,62945.38,63136.82,60725.0,61457.25,1507.54,93149175.21,61788.75
457,2021-11-05 00:00:00,61430.02,62666.52,60769.17,61031.91,1569.41,96438659.31,61449.07
458,2021-11-06 00:00:00,61008.19,61609.5,60109.91,61542.44,1268.51,77204533.69,60862.29
459,2021-11-07 00:00:00,61542.43,63300.0,61396.57,63300.0,1115.67,69412918.18,62216.42
460,2021-11-08 00:00:00,63300.0,67803.55,63300.0,67559.0,2715.42,178572120.1,65762.15
461,2021-11-09 00:00:00,67547.49,68564.4,66250.0,66945.72,2136.86,144201083.08,67482.75
462,2021-11-10 00:00:00,66928.42,69000.0,62856.71,64921.43,3419.12,226538188.94,66256.31
463,2021-11-11 00:00:00,64919.18,65625.44,64140.0,64821.33,1583.28,102804290.97,64931.06
464,2021-11-12 00:00:00,64783.13,65497.53,62294.84,64158.41,2519.31,160984318.99,63900.23
465,2021-11-13 00:00:00,64140.23,64980.0,63400.0,64417.52,830.13,53221910.43,64112.66
466,2021-11-14 00:00:00,64403.43,65509.87,63595.76,65509.87,1247.88,80434046.5,64456.32
467,2021-11-15 00:00:00,65509.87,66387.4,63348.91,63606.09,2000.82,130181649.75,65064.03
468,2021-11-16 00:00:00,63621.61,63628.0,58563.0,60142.31,4632.77,281364722.8,60733.54
469,2021-11-17 00:00:00,60115.12,60888.5,58400.0,60373.65,3716.81,222313875.05,59813.08
470,2021-11-18 00:00:00,60376.94,60978.39,56516.44,56917.66,6160.71,361556463.3,58687.47
471,2021-11-19 00:00:00,56924.94,58402.05,55640.0,58128.55,3277.03,187454444.78,57202.61
472,2021-11-20 00:00:00,58126.46,59896.54,57424.27,59768.54,1172.16,68912139.77,58790.76
473,2021-11-21 00:00:00,59785.85,60090.55,58525.84,58678.47,895.68,53010302.68,59184.75
474,2021-11-22 00:00:00,58679.27,59516.78,55628.57,56294.11,2943.16,168759395.94,57339.46
475,2021-11-23 00:00:00,56283.8,57897.54,55128.6,57579.99,2732.08,155745236.44,57006.0
476,2021-11-24 00:00:00,57583.91,57750.2,55894.62,57185.06,1809.45,102584446.4,56693.58
477,2021-11-25 00:00:00,57169.19,59445.45,57044.42,58990.14,1362.17,79435931.57,58315.52
478,2021-11-26 00:00:00,59004.88,59207.36,53524.03,53789.35,5221.84,288843665.11,55314.53
479,2021-11-27 00:00:00,53794.32,55382.0,53653.45,54774.66,1360.57,74208291.86,54542.23
480,2021-11-28 00:00:00,54764.24,57482.42,53308.93,57338.55,1377.55,75672142.36,54932.23
481,2021-11-29 00:00:00,57327.32,58931.07,56750.0,57845.12,2069.73,119291953.81,57636.34
482,2021-11-30 00:00:00,57843.33,59250.0,55918.8,56974.12,3562.72,204610739.79,57431.09
483,2021-12-01 00:00:00,57027.28,59099.64,56469.22,57251.59,2515.54,144341796.71,57380.03
484,2021-12-02 00:00:00,57232.71,57413.52,55839.85,56547.96,2758.14,156334874.51,56681.17
485,2021-12-03 00:00:00,56534.26,57652.0,51556.01,53743.69,2964.77,163062280.97,55000.01
486,2021-12-04 00:00:00,53685.47,53877.77,41967.5,49234.97,10025.69,479685055.47,47845.59
487,2021-12-05 00:00:00,49240.81,49777.62,47836.34,49463.22,5156.67,253246232.96,49110.46
488,2021-12-06 00:00:00,49484.0,50986.0,47111.0,50555.0,4652.12,227512712.85,48905.19
489,2021-12-07 00:00:00,50550.09,51991.0,50062.13,50627.32,1719.32,87848894.86,51095.21
490,2021-12-08 00:00:00,50635.87,51249.41,48656.2,50543.3,1598.44,80078043.09,50097.76
491,2021-12-09 00:00:00,50535.15,50839.01,47332.43,47593.12,2585.43,126156927.67,48795.29
492,2021-12-10 00:00:00,47573.43,50132.88,46886.0,47142.42,2705.17,130474135.4,48231.39
493,2021-12-11 00:00:00,47179.53,49539.4,46789.0,49400.54,1323.04,63938881.03,48327.26
494,2021-12-12 00:00:00,49420.51,50800.0,48675.0,50124.38,1233.79,61515288.04,49858.86
495,2021-12-13 00:00:00,50102.31,50226.2,45750.0,46725.02,3337.45,159001640.63,47641.68
496,2021-12-14 00:00:00,46736.7,48689.3,46310.4,48389.96,2016.59,95364989.57,47290.23
497,2021-12-15 00:00:00,48386.95,49514.85,46560.0,48876.84,2593.35,124671560.13,48073.52
498,2021-12-16 00:00:00,48876.84,49449.0,47506.21,47663.42,1456.26,70668618.06,48527.56
499,2021-12-17 00:00:00,47654.99,48018.52,45478.74,46210.92,2077.28,96952594.14,46672.85
500,2021-12-18 00:00:00,46141.63,47370.14,45501.0,46881.87,827.39,38480234.16,46507.77
501,2021-12-19 00:00:00,46854.18,48307.34,46450.0,46704.67,1275.5,60320950.37,47292.03
502,2021-12-20 00:00:00,46671.66,47547.5,45572.94,46915.0,1726.02,80048570.95,46377.65
503,2021-12-21 00:00:00,46926.72,49353.49,46667.08,48929.86,1674.16,81209689.78,48507.59
504,2021-12-22 00:00:00,48907.75,49600.0,48449.87,48618.99,1306.17,64008636.72,49004.99
505,2021-12-23 00:00:00,48618.99,51386.66,48051.1,50850.0,1715.36,84769304.53,49417.85
506,2021-12-24 00:00:00,50850.0,51864.56,50442.34,50841.48,1446.09,73902451.59,51105.06
507,2021-12-25 00:00:00,50857.42,51179.36,50190.9,50442.22,823.05,41793166.12,50778.48
508,2021-12-26 00:00:00,50421.51,51292.65,49458.85,50791.21,1015.22,50920081.44,50156.6
509,2021-12-27 00:00:00,50885.32,52098.6,50479.44,50718.11,1102.98,56409494.19,51142.65
510,2021-12-28 00:00:00,50708.05,50719.59,47300.0,47543.3,2215.27,107981661.75,48744.27
511,2021-12-29 00:00:00,47597.7,48157.41,46099.94,46483.36,2089.31,99069732.1,47417.48
512,2021-12-30 00:00:00,46474.59,47916.32,45934.37,47150.71,2162.27,101722129.49,47044.13
513,2021-12-31 00:00:00,47110.3,48589.47,45655.31,46214.37,1798.55,84938024.6,47225.77
514,2022-01-01 00:00:00,46230.0,47960.98,46199.9,47777.42,741.52,34892279.31,47055.04
515,2022-01-02 00:00:00,47745.25,47989.0,46660.0,47350.22,702.09,33172222.36,47247.5
516,2022-01-03 00:00:00,47290.55,47586.58,45692.13,46439.89,1140.18,53217377.18,46674.58
517,2022-01-04 00:00:00,46464.01,47526.0,45539.05,45820.0,1832.61,85207685.4,46495.19
518,2022-01-05 00:00:00,45828.77,46855.06,42413.59,43435.8,3397.55,153464387.96,45169.19
519,2022-01-06 00:00:00,43417.31,43782.86,42414.0,43097.6,2450.11,105559642.27,43083.58
520,2022-01-07 00:00:00,43093.4,43135.35,40600.0,41535.66,2984.21,124769147.87,41809.83
521,2022-01-08 00:00:00,41576.73,42315.31,40517.05,41690.77,1581.47,65571971.41,41462.58
522,2022-01-09 00:00:00,41697.32,42796.49,41200.0,41875.81,1532.59,64383595.8,42009.72
523,2022-01-10 00:00:00,41853.98,42256.55,39558.7,41845.42,3494.01,143763220.16,41145.58
524,2022-01-11 00:00:00,41842.22,43144.74,41284.11,42736.0,2442.65,103316287.81,42296.73
525,2022-01-12 00:00:00,42754.44,44337.26,42471.17,43933.5,2502.76,108773560.29,43461.41
526,2022-01-13 00:00:00,43935.01,44456.34,42321.0,42571.94,1993.88,86644368.48,43455.09
527,2022-01-14 00:00:00,42579.44,43468.95,41782.21,43102.35,1386.83,59167763.37,42663.95
528,2022-01-15 00:00:00,43085.76,43826.8,42387.86,43102.01,707.66,30510413.27,43114.6
529,2022-01-16 00:00:00,43084.77,43495.59,42615.0,43107.7,621.95,26812366.03,43109.95
530,2022-01-17 00:00:00,43099.08,43209.47,41581.0,42255.07,1060.01,44999001.86,42451.51
531,2022-01-18 00:00:00,42230.09,42685.25,41290.06,42377.4,1638.87,68522210.33,41810.62
532,2022-01-19 00:00:00,42378.23,42589.9,41145.23,41683.21,1664.7,69791918.46,41924.52
533,2022-01-20 00:00:00,41733.21,43518.69,40554.14,40736.05,2425.15,102506991.02,42268.26
534,2022-01-21 00:00:00,40654.72,41115.58,35423.0,36495.46,6201.05,237130520.01,38240.41
535,2022-01-22 00:00:00,36447.37,36825.98,34000.0,35091.11,4510.37,159444215.58,35350.57
536,2022-01-23 00:00:00,35084.79,36574.47,34624.59,36293.62,2533.7,90093310.58,35557.95
537,2022-01-24 00:00:00,36262.21,38050.0,32950.72,36724.99,6335.15,219551166.29,34656.01
538,2022-01-25 00:00:00,36721.59,37552.3,35722.43,36975.91,2793.69,102191104.27,36579.24
539,2022-01-26 00:00:00,37006.76,38946.0,36279.21,36829.32,3663.16,137769603.98,37609.54
540,2022-01-27 00:00:00,36824.02,37251.0,35511.32,37208.36,3103.82,112809180.61,36345.24
541,2022-01-28 00:00:00,37179.62,38022.11,36173.98,37748.36,2420.65,89728837.8,37068.01
542,2022-01-29 00:00:00,37713.14,38741.67,37327.79,38192.65,1296.91,49118060.13,37873.18
543,2022-01-30 00:00:00,38176.45,38378.88,37372.59,37941.82,708.79,26891235.57,37939.38
544,2022-01-31 00:00:00,37914.1,38776.33,36631.66,38491.92,2009.13,75691353.7,37673.7
545,2022-02-01 00:00:00,38483.56,39285.0,38033.78,38733.04,2073.94,80102148.15,38623.2
546,2022-02-02 00:00:00,38768.08,38883.96,36618.36,36923.5,1672.71,63274384.7,37827.53
547,2022-02-03 00:00:00,36924.5,37391.74,36264.55,37320.11,1624.39,59698007.0,36751.03
548,2022-02-04 00:00:00,37330.75,41760.39,37064.28,41579.57,3901.6,153045119.83,39226.26
549,2022-02-05 00:00:00,41608.82,41983.12,40975.0,41427.72,1892.24,78557872.31,41515.85
550,2022-02-06 00:00:00,41422.7,42701.86,41141.81,42420.24,854.68,35661686.2,41725.4
551,2022-02-07 00:00:00,42420.24,44524.18,41682.11,43869.04,2601.47,112389512.11,43202.32
552,2022-02-08 00:00:00,43895.6,45501.0,42701.19,44091.56,2591.8,113681999.89,43862.16
553,2022-02-09 00:00:00,44106.95,44865.72,43164.0,44426.84,1625.88,71454186.61,43947.91
554,2022-02-10 00:00:00,44426.24,45850.0,43209.07,43524.6,2692.62,119668410.26,44443.06
555,2022-02-11 00:00:00,43540.15,43969.72,41983.12,42406.19,2170.37,93508430.28,43084.05
556,2022-02-12 00:00:00,42392.22,43034.0,41740.06,42241.11,892.35,37756118.71,42311.11
557,2022-02-13 00:00:00,42232.68,42779.6,41882.54,42077.74,515.46,21814938.93,42321.65
558,2022-02-14 00:00:00,42078.53,42871.68,41575.0,42540.3,1270.89,53684208.27,42241.54
559,2022-02-15 00:00:00,42567.27,44785.66,42469.96,44582.48,1772.92,78000569.9,43995.46
560,2022-02-16 00:00:00,44590.75,44590.75,43312.83,43901.48,1251.83,54999596.21,43935.23
561,2022-02-17 00:00:00,43901.49,44204.78,40088.88,40556.11,2437.49,102658184.89,42116.34
562,2022-02-18 00:00:00,40532.66,40996.31,39450.0,39996.99,2212.71,89130340.47,40280.99
563,2022-02-19 00:00:00,40008.75,40471.27,39587.08,40109.02,695.65,27839353.19,40018.95
564,2022-02-20 00:00:00,40108.62,40151.62,37974.18,38373.9,1283.51,49606433.16,38649.0
565,2022-02-21 00:00:00,38384.09,39494.11,36810.72,37076.6,3501.42,134058792.17,38286.97
566,2022-02-22 00:00:00,37036.98,38463.88,36368.99,38269.94,2388.76,89259786.47,37366.59
567,2022-02-23 00:00:00,38269.94,39303.24,37060.16,37274.18,1778.28,68016944.04,38248.83
568,2022-02-24 00:00:00,37253.26,39720.0,34324.05,38376.88,6302.85,225911860.07,35842.81
569,2022-02-25 00:00:00,38360.93,39727.97,38027.61,39231.64,2202.85,85959424.25,39021.88
570,2022-02-26 00:00:00,39242.64,40330.99,38600.0,39146.66,912.72,35897979.18,39330.59
571,2022-02-27 00:00:00,39146.66,39886.92,37015.74,37712.68,1701.82,65188996.33,38305.53
572,2022-02-28 00:00:00,37717.1,44256.08,37468.99,43178.98,3160.62,127936423.09,40478.29
573,2022-03-01 00:00:00,43221.71,44981.22,42847.85,44443.96,2831.3,123897896.57,43760.12
574,2022-03-02 00:00:00,44443.98,45332.38,43350.0,43936.72,2043.56,90353419.68,44213.8
575,2022-03-03 00:00:00,43936.73,44118.53,41832.34,42476.26,2253.43,96458966.62,42805.38
576,2022-03-04 00:00:00,42476.25,42540.57,38590.95,39175.56,2493.66,101645202.59,40761.49
577,2022-03-05 00:00:00,39170.19,39620.3,38600.3,39416.79,806.91,31605068.82,39167.95
578,2022-03-06 00:00:00,39390.31,39701.0,38100.0,38438.89,1194.37,46478121.08,38914.22
579,2022-03-07 00:00:00,38404.97,39557.26,37169.52,38016.47,1949.7,74674138.76,38300.38
580,2022-03-08 00:00:00,38002.23,39377.0,37885.05,38753.65,1864.9,72185846.11,38707.53
581,2022-03-09 00:00:00,38761.13,42591.68,38667.65,41960.02,1980.29,82174517.17,41496.13
582,2022-03-10 00:00:00,41952.13,42053.95,38545.19,39444.45,2506.23,99179589.62,39573.14
583,2022-03-11 00:00:00,39433.48,40237.22,38244.76,38729.79,2063.22,80542267.56,39037.11
584,2022-03-12 00:00:00,38729.79,39458.58,38653.89,38822.02,962.86,37606509.54,39057.27
585,2022-03-13 00:00:00,38798.68,39312.5,37595.62,37790.54,737.88,28490352.88,38611.09
586,2022-03-14 00:00:00,37763.37,39913.42,37567.19,39665.71,1439.77,55872411.6,38806.55
587,2022-03-15 00:00:00,39688.55,39896.13,38142.35,39302.7,1638.68,64140515.54,39141.48
588,2022-03-16 00:00:00,39302.8,41693.97,38865.67,41142.76,5987.1,241762108.71,40380.48
589,2022-03-17 00:00:00,41142.76,41497.24,40449.06,40963.22,1657.76,67787080.14,40890.73
590,2022-03-18 00:00:00,40963.22,42362.0,40068.88,41794.37,2125.12,87472996.01,41161.38
591,2022-03-19 00:00:00,41781.96,42405.01,41553.88,42235.31,976.89,40981029.0,41950.55
592,2022-03-20 00:00:00,42240.43,42324.06,40930.2,41242.14,1061.35,44090348.61,41541.64
593,2022-03-21 00:00:00,41293.19,41588.7,40516.86,41043.14,1779.5,73097489.11,41077.59
594,2022-03-22 00:00:00,41018.36,43337.41,40901.13,42393.41,2375.42,101050676.48,42540.05
595,2022-03-23 00:00:00,42393.62,43021.73,41779.11,42925.41,1906.72,80586659.88,42264.47
596,2022-03-24 00:00:00,42912.21,44240.0,42636.54,44025.99,2173.3,94318032.99,43398.43
597,2022-03-25 00:00:00,44025.99,45137.12,43616.88,44320.6,1725.07,76693127.8,44457.94
598,2022-03-26 00:00:00,44340.49,44815.31,44101.0,44535.65,494.72,21983890.49,44436.66
599,2022-03-27 00:00:00,44553.24,46950.0,44456.9,46864.39,1548.89,70832869.37,45731.41
600,2022-03-28 00:00:00,46854.96,48234.0,46672.25,47152.38,2691.94,127603086.96,47401.94
601,2022-03-29 00:00:00,47152.38,48128.87,46941.84,47459.03,1716.32,81692235.36,47597.21
602,2022-03-30 00:00:00,47459.03,47721.41,46572.15,47068.08,1627.54,76876952.41,47234.97
603,2022-03-31 00:00:00,47086.07,47624.18,45234.0,45517.27,1372.97,63691636.2,46389.84
604,2022-04-01 00:00:00,45522.53,46739.81,44244.0,46307.81,1953.22,88813559.15,45470.34
605,2022-04-02 00:00:00,46306.38,47218.17,45650.0,45820.28,724.31,33645083.51,46451.3
606,2022-04-03 00:00:00,45820.28,47458.48,45565.64,46401.57,1063.63,49489576.99,46529.0
607,2022-04-04 00:00:00,46414.88,46891.17,45124.79,46598.2,1496.64,68798245.88,45968.42
608,2022-04-05 00:00:00,46514.43,47201.0,45342.33,45502.73,1127.69,52195645.89,46285.44
609,2022-04-06 00:00:00,45512.95,45548.77,43086.8,43191.59,3073.56,136027201.93,44257.26
610,2022-04-07 00:00:00,43172.83,43896.45,42741.52,43454.53,1381.68,60029498.87,43446.83
611,2022-04-08 00:00:00,43467.82,43986.09,42120.0,42290.11,1453.74,62760574.77,43171.66
612,2022-04-09 00:00:00,42258.22,42807.63,42131.51,42767.89,525.17,22284184.26,42432.04
613,2022-04-10 00:00:00,42774.85,43450.72,41888.88,42133.85,862.61,36819053.47,42683.16
614,2022-04-11 00:00:00,42159.45,42415.57,39218.15,39524.86,2288.48,93358819.32,40795.14
615,2022-04-12 00:00:00,39545.37,40691.01,39273.65,40097.46,2111.92,84452524.5,39988.49
616,2022-04-13 00:00:00,40099.51,41557.61,39584.86,41147.74,1563.48,63361225.1,40525.65
617,2022-04-14 00:00:00,41159.29,41504.29,39582.53,39961.53,1169.49,47296615.15,40441.95
618,2022-04-15 00:00:00,39962.6,40869.99,39788.97,40563.18,752.4,30315557.82,40291.84
619,2022-04-16 00:00:00,40576.41,40701.0,40014.79,40395.67,365.73,14767300.52,40378.02
620,2022-04-17 00:00:00,40379.81,40602.69,39565.68,39691.27,485.0,19476880.02,40158.21
621,2022-04-18 00:00:00,39660.62,41101.0,38547.12,40814.6,2421.08,96367871.21,39803.64
622,2022-04-19 00:00:00,40814.6,41754.05,40578.58,41505.77,1457.11,60083000.72,41234.34
623,2022-04-20 00:00:00,41476.89,42220.04,40893.21,41375.85,1359.54,56468849.41,41535.22
624,2022-04-21 00:00:00,41378.77,42978.95,39770.0,40470.76,2163.31,89949180.89,41579.34
625,2022-04-22 00:00:00,40497.0,40808.66,39197.64,39726.03,2137.0,85606181.8,40059.05
626,2022-04-23 00:00:00,39700.55,39983.98,39301.0,39421.59,398.24,15805946.82,39689.05
627,2022-04-24 00:00:00,39438.51,39944.65,38987.0,39467.4,663.7,26236796.43,39530.86
628,2022-04-25 00:00:00,39464.67,40602.85,38202.91,40441.11,2220.04,87116454.62,39240.87
629,2022-04-26 00:00:00,40452.52,40800.0,37701.0,38137.67,2909.72,113249026.78,38920.9
630,2022-04-27 00:00:00,38105.68,39494.73,37885.75,39256.05,1769.01,68740767.19,38858.34
631,2022-04-28 00:00:00,39254.4,40387.0,38880.44,39754.2,1842.01,73010506.29,39636.43
632,2022-04-29 00:00:00,39753.28,39923.61,38174.27,38593.42,1600.9,62414570.9,38987.2
633,2022-04-30 00:00:00,38599.3,38786.95,37597.36,37639.8,728.28,27883027.12,38286.16
634,2022-05-01 00:00:00,37638.78,38672.2,37400.0,38488.34,1248.04,47538102.0,38090.12
635,2022-05-02 00:00:00,38484.46,39153.13,38045.79,38521.01,1434.1,55429662.56,38651.16
636,2022-05-03 00:00:00,38506.38,38641.57,37515.83,37729.95,1157.92,44152197.89,38130.54
637,2022-05-04 00:00:00,37735.35,40050.19,37665.46,39685.23,2297.27,89979073.7,39167.79
638,2022-05-05 00:00:00,39685.23,39840.37,35579.4,36533.93,3736.73,139953596.94,37453.49
639,2022-05-06 00:00:00,36542.41,36648.2,35268.69,36019.22,2594.53,93578512.49,36067.57
640,2022-05-07 00:00:00,36019.15,36123.99,34777.85,35463.46,1224.4,43497514.07,35525.66
641,2022-05-08 00:00:00,35465.46,35496.55,33710.16,34025.5,2670.4,91986984.21,34446.9
642,2022-05-09 00:00:00,34051.2,34224.35,30015.0,30082.0,7631.12,242958752.11,31837.88
643,2022-05-10 00:00:00,30066.48,32650.0,29731.03,30999.97,7402.3,231176389.69,31230.34
644,2022-05-11 00:00:00,31002.27,32148.15,27757.77,29000.0,11180.85,335525174.35,30008.92
645,2022-05-12 00:00:00,28999.99,30090.7,25401.05,28896.19,16578.81,463600868.92,27963.46
646,2022-05-13 00:00:00,28932.69,30974.6,28686.37,29238.81,6010.27,181177922.33,30144.7
647,2022-05-14 00:00:00,29239.41,30281.49,28561.23,30033.96,2910.99,85521322.3,29378.75
648,2022-05-15 00:00:00,30041.16,31411.48,29440.71,31295.03,2085.07,63030894.29,30229.68
649,2022-05-16 00:00:00,31275.27,31275.27,29060.0,29832.45,3112.79,92889854.87,29841.31
650,2022-05-17 00:00:00,29847.53,30753.96,29400.0,30425.36,2143.93,64786378.3,30218.57
651,2022-05-18 00:00:00,30423.9,30670.0,28615.23,28681.26,2318.16,68215638.94,29426.69
652,2022-05-19 00:00:00,28681.15,30505.14,28656.46,30290.33,2516.77,74838566.41,29735.9
653,2022-05-20 00:00:00,30271.22,30725.56,28690.13,29176.7,2337.17,69203225.5,29609.8
654,2022-05-21 00:00:00,29176.7,29621.01,28914.7,29421.05,490.43,14381523.68,29324.47
655,2022-05-22 00:00:00,29400.34,30457.58,29209.03,30264.66,1318.89,39467108.22,29924.39
656,2022-05-23 00:00:00,30264.66,30628.0,28839.29,29081.76,2158.65,64714359.97,29979.08
657,2022-05-24 00:00:00,29081.76,29810.38,28632.4,29632.15,1490.24,43606086.8,29261.19
658,2022-05-25 00:00:00,29626.53,30189.7,29313.78,29510.15,1563.31,46493061.47,29740.17
659,2022-05-26 00:00:00,29511.95,29853.34,28003.0,29183.06,2835.01,82505998.35,29102.59
660,2022-05-27 00:00:00,29183.39,29360.34,28253.57,28589.48,2109.94,60856951.84,28842.95
661,2022-05-28 00:00:00,28606.08,29231.9,28498.73,29010.82,721.55,20826871.06,28864.19
662,2022-05-29 00:00:00,29010.82,29561.04,28814.46,29448.94,909.19,26516148.4,29164.53
663,2022-05-30 00:00:00,29454.69,32195.68,29276.15,31731.22,3257.55,100208785.87,30762.02
664,2022-05-31 00:00:00,31677.13,32375.81,31181.26,31762.76,1621.62,51418130.71,31707.83
665,2022-06-01 00:00:00,31777.06,31962.79,29309.84,29787.4,2629.8,80576582.01,30639.79
666,2022-06-02 00:00:00,29791.96,30688.82,29568.13,30437.18,1226.29,36861370.8,30059.24
667,2022-06-03 00:00:00,30437.77,30670.07,29232.99,29669.39,1151.15,34380305.62,29866.18
668,2022-06-04 00:00:00,29688.17,29948.84,29444.21,29853.51,472.4,14036016.68,29711.9
669,2022-06-05 00:00:00,29834.06,30153.18,29514.96,29888.98,563.06,16833343.68,29896.02
670,2022-06-06 00:00:00,29905.46,31737.31,29868.16,31351.21,2494.1,77834106.31,31207.24
671,2022-06-07 00:00:00,31351.1,31536.11,29184.25,31115.82,3672.3,111467638.25,30353.59
672,2022-06-08 00:00:00,31108.3,31310.53,29831.85,30185.58,1909.67,58083341.25,30415.34
673,2022-06-09 00:00:00,30190.31,30672.56,29920.56,30089.03,953.93,28821164.17,30213.1
674,2022-06-10 00:00:00,30068.53,30333.81,28832.83,29065.66,2545.34,75150530.54,29524.74
675,2022-06-11 00:00:00,29065.66,29403.62,28085.75,28390.94,1587.2,45578351.12,28716.29
676,2022-06-12 00:00:00,28397.38,28523.06,26500.0,26585.1,2588.83,71216475.99,27509.1
677,2022-06-13 00:00:00,26538.63,26845.63,21910.26,22450.43,12621.88,303550673.58,24049.55
678,2022-06-14 00:00:00,22407.53,23288.88,20816.35,22097.3,8576.8,189364935.13,22078.74
679,2022-06-15 00:00:00,22077.83,22756.0,20079.72,22555.27,13481.54,285246968.94,21158.34
680,2022-06-16 00:00:00,22563.82,22957.01,20200.0,20382.88,4889.12,103760805.51,21222.78
681,2022-06-17 00:00:00,20387.66,21325.06,20220.16,20440.7,3615.1,74717609.79,20668.22
682,2022-06-18 00:00:00,20428.19,20758.0,17592.78,18956.8,7958.39,150332174.94,18889.78
683,2022-06-19 00:00:00,18952.14,20783.48,17930.7,20552.82,5100.88,98854190.44,19379.82
684,2022-06-20 00:00:00,20557.2,21036.89,19616.1,20555.44,5112.85,104037568.96,20348.25
685,2022-06-21 00:00:00,20555.44,21708.76,20332.07,20712.29,3543.17,74492273.26,21024.2
686,2022-06-22 00:00:00,20710.01,20863.44,19743.99,19963.68,4210.5,85438027.89,20291.68
687,2022-06-23 00:00:00,19977.24,21204.14,19869.63,21093.42,2677.9,55230494.43,20624.56
688,2022-06-24 00:00:00,21102.75,21538.4,20713.77,21215.42,2444.77,51515877.94,21071.85
689,2022-06-25 00:00:00,21229.66,21586.67,20890.0,21486.8,1196.38,25470445.19,21289.51
690,2022-06-26 00:00:00,21486.67,21868.0,20968.85,21028.69,1437.61,30757521.13,21394.94
691,2022-06-27 00:00:00,21029.19,21516.85,20491.28,20699.72,1648.59,34597520.25,20986.15
692,2022-06-28 00:00:00,20722.27,21178.73,20176.0,20261.34,2048.68,42495183.39,20742.67
693,2022-06-29 00:00:00,20253.88,20398.99,19827.0,20093.18,1605.32,32281807.6,20109.22
694,2022-06-30 00:00:00,20098.0,20131.06,18595.6,19924.89,4907.85,94567200.06,19268.57
695,2022-07-01 00:00:00,19960.61,20895.08,18944.69,19239.47,4424.09,87181162.33,19706.02
696,2022-07-02 00:00:00,19263.41,19425.08,18960.0,19228.25,1478.97,28438244.33,19228.36
697,2022-07-03 00:00:00,19232.76,19616.43,18763.96,19294.46,1438.94,27610238.91,19187.95
698,2022-07-04 00:00:00,19296.88,20319.88,19032.44,20209.53,2016.08,39668268.42,19675.92
699,2022-07-05 00:00:00,20209.02,20720.0,19281.82,20168.63,2882.23,57620118.79,19991.53
700,2022-07-06 00:00:00,20164.65,20648.76,19750.16,20547.45,2093.38,42276379.43,20195.25
701,2022-07-07 00:00:00,20546.29,21847.25,20237.58,21643.56,3422.57,72403082.02,21154.59
702,2022-07-08 00:00:00,21620.85,22401.0,21164.07,21584.14,3352.95,73094020.37,21799.93
703,2022-07-09 00:00:00,21592.69,21955.18,21311.36,21588.35,865.39,18708148.14,21618.24
704,2022-07-10 00:00:00,21581.98,21593.73,20629.99,20856.08,1398.92,29499544.76,21087.4
705,2022-07-11 00:00:00,20851.14,20858.75,19869.0,19949.71,1381.04,28205014.39,20423.05
706,2022-07-12 00:00:00,19948.55,20036.24,19237.42,19321.14,1738.03,34248470.41,19705.33
707,2022-07-13 00:00:00,19337.91,20367.88,18905.55,20232.35,3196.86,62635389.66,19592.76
708,2022-07-14 00:00:00,20225.24,20880.0,19608.47,20577.23,2574.76,52183102.38,20267.18
709,2022-07-15 00:00:00,20569.17,21186.35,20368.7,20835.39,1581.83,32952829.58,20832.09
710,2022-07-16 00:00:00,20823.7,21577.0,20472.68,21195.49,1740.64,36555483.45,21001.18
711,2022-07-17 00:00:00,21198.34,21664.52,20751.08,20801.85,1497.2,31762577.05,21214.6
712,2022-07-18 00:00:00,20786.76,22760.04,20757.29,22435.04,4288.36,94369203.08,22005.91
713,2022-07-19 00:00:00,22439.63,23800.0,21578.45,23405.02,4682.35,106198469.08,22680.58
714,2022-07-20 00:00:00,23392.04,24280.3,22893.95,23208.53,4052.68,95652211.96,23602.19
715,2022-07-21 00:00:00,23217.0,23430.33,22340.34,23163.34,2267.47,51965944.96,22917.99
716,2022-07-22 00:00:00,23166.09,23760.87,22512.42,22682.26,2025.58,46955763.15,23181.35
717,2022-07-23 00:00:00,22696.19,23005.68,21944.47,22468.69,1010.86,22671301.57,22427.78
718,2022-07-24 00:00:00,22468.7,23006.77,22272.23,22595.81,681.2,15447614.51,22677.17
719,2022-07-25 00:00:00,22589.47,22673.68,21250.0,21306.56,2128.78,46670704.89,21923.68
720,2022-07-26 00:00:00,21314.26,21344.09,20700.13,21259.78,1965.58,41271528.19,20997.15
721,2022-07-27 00:00:00,21266.14,23112.9,21047.7,22969.04,2976.19,65801591.67,22109.35
722,2022-07-28 00:00:00,22972.22,24198.95,22600.0,23853.11,3463.79,80967735.01,23375.47
723,2022-07-29 00:00:00,23856.91,24445.0,23438.5,23785.31,2536.49,60616987.33,23897.96
724,2022-07-30 00:00:00,23777.85,24676.0,23523.29,23644.58,1739.57,41849705.8,24057.43
725,2022-07-31 00:00:00,23652.53,24190.09,23241.0,23322.53,1624.15,38525308.36,23720.26
726,2022-08-01 00:00:00,23287.38,23511.5,22861.0,23282.92,1310.17,30410139.52,23210.8
727,2022-08-02 00:00:00,23291.67,23468.33,22665.98,23001.52,1441.51,33164133.13,23006.58
728,2022-08-03 00:00:00,22997.07,23642.14,22686.12,22835.88,1306.3,30306268.5,23200.17
729,2022-08-04 00:00:00,22830.37,23228.77,22809.47,23060.7,226.49,5231602.41,23098.16
